fiyat,bakimmaliyeti,kapisayisi,kapasite,bagajboyutu,guvenlik,sonuc
cokyuksek,cokyuksek,2,2,kucuk,dusuk,kabuledilemez
cokyuksek,cokyuksek,2,2,kucuk,orta,kabuledilemez
cokyuksek,cokyuksek,2,2,kucuk,yuksek,kabuledilemez
cokyuksek,cokyuksek,2,2,orta,dusuk,kabuledilemez
cokyuksek,cokyuksek,2,2,orta,orta,kabuledilemez
cokyuksek,cokyuksek,2,2,orta,yuksek,kabuledilemez
cokyuksek,cokyuksek,2,2,buyuk,dusuk,kabuledilemez
cokyuksek,cokyuksek,2,2,buyuk,orta,kabuledilemez
cokyuksek,cokyuksek,2,2,buyuk,yuksek,kabuledilemez
cokyuksek,cokyuksek,2,4,kucuk,dusuk,kabuledilemez
cokyuksek,cokyuksek,2,4,kucuk,orta,kabuledilemez
cokyuksek,cokyuksek,2,4,kucuk,yuksek,kabuledilemez
cokyuksek,cokyuksek,2,4,orta,dusuk,kabuledilemez
cokyuksek,cokyuksek,2,4,orta,orta,kabuledilemez
cokyuksek,cokyuksek,2,4,orta,yuksek,kabuledilemez
cokyuksek,cokyuksek,2,4,buyuk,dusuk,kabuledilemez
cokyuksek,cokyuksek,2,4,buyuk,orta,kabuledilemez
cokyuksek,cokyuksek,2,4,buyuk,yuksek,kabuledilemez
cokyuksek,cokyuksek,2,5,kucuk,dusuk,kabuledilemez
cokyuksek,cokyuksek,2,5,kucuk,orta,kabuledilemez
cokyuksek,cokyuksek,2,5,kucuk,yuksek,kabuledilemez
cokyuksek,cokyuksek,2,5,orta,dusuk,kabuledilemez
cokyuksek,cokyuksek,2,5,orta,orta,kabuledilemez
cokyuksek,cokyuksek,2,5,orta,yuksek,kabuledilemez
cokyuksek,cokyuksek,2,5,buyuk,dusuk,kabuledilemez
cokyuksek,cokyuksek,2,5,buyuk,orta,kabuledilemez
cokyuksek,cokyuksek,2,5,buyuk,yuksek,kabuledilemez
cokyuksek,cokyuksek,3,2,kucuk,dusuk,kabuledilemez
cokyuksek,cokyuksek,3,2,kucuk,orta,kabuledilemez
cokyuksek,cokyuksek,3,2,kucuk,yuksek,kabuledilemez
cokyuksek,cokyuksek,3,2,orta,dusuk,kabuledilemez
cokyuksek,cokyuksek,3,2,orta,orta,kabuledilemez
cokyuksek,cokyuksek,3,2,orta,yuksek,kabuledilemez
cokyuksek,cokyuksek,3,2,buyuk,dusuk,kabuledilemez
cokyuksek,cokyuksek,3,2,buyuk,orta,kabuledilemez
cokyuksek,cokyuksek,3,2,buyuk,yuksek,kabuledilemez
cokyuksek,cokyuksek,3,4,kucuk,dusuk,kabuledilemez
cokyuksek,cokyuksek,3,4,kucuk,orta,kabuledilemez
cokyuksek,cokyuksek,3,4,kucuk,yuksek,kabuledilemez
cokyuksek,cokyuksek,3,4,orta,dusuk,kabuledilemez
cokyuksek,cokyuksek,3,4,orta,orta,kabuledilemez
cokyuksek,cokyuksek,3,4,orta,yuksek,kabuledilemez
cokyuksek,cokyuksek,3,4,buyuk,dusuk,kabuledilemez
cokyuksek,cokyuksek,3,4,buyuk,orta,kabuledilemez
cokyuksek,cokyuksek,3,4,buyuk,yuksek,kabuledilemez
cokyuksek,cokyuksek,3,5,kucuk,dusuk,kabuledilemez
cokyuksek,cokyuksek,3,5,kucuk,orta,kabuledilemez
cokyuksek,cokyuksek,3,5,kucuk,yuksek,kabuledilemez
cokyuksek,cokyuksek,3,5,orta,dusuk,kabuledilemez
cokyuksek,cokyuksek,3,5,orta,orta,kabuledilemez
cokyuksek,cokyuksek,3,5,orta,yuksek,kabuledilemez
cokyuksek,cokyuksek,3,5,buyuk,dusuk,kabuledilemez
cokyuksek,cokyuksek,3,5,buyuk,orta,kabuledilemez
cokyuksek,cokyuksek,3,5,buyuk,yuksek,kabuledilemez
cokyuksek,cokyuksek,4,2,kucuk,dusuk,kabuledilemez
cokyuksek,cokyuksek,4,2,kucuk,orta,kabuledilemez
cokyuksek,cokyuksek,4,2,kucuk,yuksek,kabuledilemez
cokyuksek,cokyuksek,4,2,orta,dusuk,kabuledilemez
cokyuksek,cokyuksek,4,2,orta,orta,kabuledilemez
cokyuksek,cokyuksek,4,2,orta,yuksek,kabuledilemez
cokyuksek,cokyuksek,4,2,buyuk,dusuk,kabuledilemez
cokyuksek,cokyuksek,4,2,buyuk,orta,kabuledilemez
cokyuksek,cokyuksek,4,2,buyuk,yuksek,kabuledilemez
cokyuksek,cokyuksek,4,4,kucuk,dusuk,kabuledilemez
cokyuksek,cokyuksek,4,4,kucuk,orta,kabuledilemez
cokyuksek,cokyuksek,4,4,kucuk,yuksek,kabuledilemez
cokyuksek,cokyuksek,4,4,orta,dusuk,kabuledilemez
cokyuksek,cokyuksek,4,4,orta,orta,kabuledilemez
cokyuksek,cokyuksek,4,4,orta,yuksek,kabuledilemez
cokyuksek,cokyuksek,4,4,buyuk,dusuk,kabuledilemez
cokyuksek,cokyuksek,4,4,buyuk,orta,kabuledilemez
cokyuksek,cokyuksek,4,4,buyuk,yuksek,kabuledilemez
cokyuksek,cokyuksek,4,5,kucuk,dusuk,kabuledilemez
cokyuksek,cokyuksek,4,5,kucuk,orta,kabuledilemez
cokyuksek,cokyuksek,4,5,kucuk,yuksek,kabuledilemez
cokyuksek,cokyuksek,4,5,orta,dusuk,kabuledilemez
cokyuksek,cokyuksek,4,5,orta,orta,kabuledilemez
cokyuksek,cokyuksek,4,5,orta,yuksek,kabuledilemez
cokyuksek,cokyuksek,4,5,buyuk,dusuk,kabuledilemez
cokyuksek,cokyuksek,4,5,buyuk,orta,kabuledilemez
cokyuksek,cokyuksek,4,5,buyuk,yuksek,kabuledilemez
cokyuksek,cokyuksek,5,2,kucuk,dusuk,kabuledilemez
cokyuksek,cokyuksek,5,2,kucuk,orta,kabuledilemez
cokyuksek,cokyuksek,5,2,kucuk,yuksek,kabuledilemez
cokyuksek,cokyuksek,5,2,orta,dusuk,kabuledilemez
cokyuksek,cokyuksek,5,2,orta,orta,kabuledilemez
cokyuksek,cokyuksek,5,2,orta,yuksek,kabuledilemez
cokyuksek,cokyuksek,5,2,buyuk,dusuk,kabuledilemez
cokyuksek,cokyuksek,5,2,buyuk,orta,kabuledilemez
cokyuksek,cokyuksek,5,2,buyuk,yuksek,kabuledilemez
cokyuksek,cokyuksek,5,4,kucuk,dusuk,kabuledilemez
cokyuksek,cokyuksek,5,4,kucuk,orta,kabuledilemez
cokyuksek,cokyuksek,5,4,kucuk,yuksek,kabuledilemez
cokyuksek,cokyuksek,5,4,orta,dusuk,kabuledilemez
cokyuksek,cokyuksek,5,4,orta,orta,kabuledilemez
cokyuksek,cokyuksek,5,4,orta,yuksek,kabuledilemez
cokyuksek,cokyuksek,5,4,buyuk,dusuk,kabuledilemez
cokyuksek,cokyuksek,5,4,buyuk,orta,kabuledilemez
cokyuksek,cokyuksek,5,4,buyuk,yuksek,kabuledilemez
cokyuksek,cokyuksek,5,5,kucuk,dusuk,kabuledilemez
cokyuksek,cokyuksek,5,5,kucuk,orta,kabuledilemez
cokyuksek,cokyuksek,5,5,kucuk,yuksek,kabuledilemez
cokyuksek,cokyuksek,5,5,orta,dusuk,kabuledilemez
cokyuksek,cokyuksek,5,5,orta,orta,kabuledilemez
cokyuksek,cokyuksek,5,5,orta,yuksek,kabuledilemez
cokyuksek,cokyuksek,5,5,buyuk,dusuk,kabuledilemez
cokyuksek,cokyuksek,5,5,buyuk,orta,kabuledilemez
cokyuksek,cokyuksek,5,5,buyuk,yuksek,kabuledilemez
cokyuksek,yuksek,2,2,kucuk,dusuk,kabuledilemez
cokyuksek,yuksek,2,2,kucuk,orta,kabuledilemez
cokyuksek,yuksek,2,2,kucuk,yuksek,kabuledilemez
cokyuksek,yuksek,2,2,orta,dusuk,kabuledilemez
cokyuksek,yuksek,2,2,orta,orta,kabuledilemez
cokyuksek,yuksek,2,2,orta,yuksek,kabuledilemez
cokyuksek,yuksek,2,2,buyuk,dusuk,kabuledilemez
cokyuksek,yuksek,2,2,buyuk,orta,kabuledilemez
cokyuksek,yuksek,2,2,buyuk,yuksek,kabuledilemez
cokyuksek,yuksek,2,4,kucuk,dusuk,kabuledilemez
cokyuksek,yuksek,2,4,kucuk,orta,kabuledilemez
cokyuksek,yuksek,2,4,kucuk,yuksek,kabuledilemez
cokyuksek,yuksek,2,4,orta,dusuk,kabuledilemez
cokyuksek,yuksek,2,4,orta,orta,kabuledilemez
cokyuksek,yuksek,2,4,orta,yuksek,kabuledilemez
cokyuksek,yuksek,2,4,buyuk,dusuk,kabuledilemez
cokyuksek,yuksek,2,4,buyuk,orta,kabuledilemez
cokyuksek,yuksek,2,4,buyuk,yuksek,kabuledilemez
cokyuksek,yuksek,2,5,kucuk,dusuk,kabuledilemez
cokyuksek,yuksek,2,5,kucuk,orta,kabuledilemez
cokyuksek,yuksek,2,5,kucuk,yuksek,kabuledilemez
cokyuksek,yuksek,2,5,orta,dusuk,kabuledilemez
cokyuksek,yuksek,2,5,orta,orta,kabuledilemez
cokyuksek,yuksek,2,5,orta,yuksek,kabuledilemez
cokyuksek,yuksek,2,5,buyuk,dusuk,kabuledilemez
cokyuksek,yuksek,2,5,buyuk,orta,kabuledilemez
cokyuksek,yuksek,2,5,buyuk,yuksek,kabuledilemez
cokyuksek,yuksek,3,2,kucuk,dusuk,kabuledilemez
cokyuksek,yuksek,3,2,kucuk,orta,kabuledilemez
cokyuksek,yuksek,3,2,kucuk,yuksek,kabuledilemez
cokyuksek,yuksek,3,2,orta,dusuk,kabuledilemez
cokyuksek,yuksek,3,2,orta,orta,kabuledilemez
cokyuksek,yuksek,3,2,orta,yuksek,kabuledilemez
cokyuksek,yuksek,3,2,buyuk,dusuk,kabuledilemez
cokyuksek,yuksek,3,2,buyuk,orta,kabuledilemez
cokyuksek,yuksek,3,2,buyuk,yuksek,kabuledilemez
cokyuksek,yuksek,3,4,kucuk,dusuk,kabuledilemez
cokyuksek,yuksek,3,4,kucuk,orta,kabuledilemez
cokyuksek,yuksek,3,4,kucuk,yuksek,kabuledilemez
cokyuksek,yuksek,3,4,orta,dusuk,kabuledilemez
cokyuksek,yuksek,3,4,orta,orta,kabuledilemez
cokyuksek,yuksek,3,4,orta,yuksek,kabuledilemez
cokyuksek,yuksek,3,4,buyuk,dusuk,kabuledilemez
cokyuksek,yuksek,3,4,buyuk,orta,kabuledilemez
cokyuksek,yuksek,3,4,buyuk,yuksek,kabuledilemez
cokyuksek,yuksek,3,5,kucuk,dusuk,kabuledilemez
cokyuksek,yuksek,3,5,kucuk,orta,kabuledilemez
cokyuksek,yuksek,3,5,kucuk,yuksek,kabuledilemez
cokyuksek,yuksek,3,5,orta,dusuk,kabuledilemez
cokyuksek,yuksek,3,5,orta,orta,kabuledilemez
cokyuksek,yuksek,3,5,orta,yuksek,kabuledilemez
cokyuksek,yuksek,3,5,buyuk,dusuk,kabuledilemez
cokyuksek,yuksek,3,5,buyuk,orta,kabuledilemez
cokyuksek,yuksek,3,5,buyuk,yuksek,kabuledilemez
cokyuksek,yuksek,4,2,kucuk,dusuk,kabuledilemez
cokyuksek,yuksek,4,2,kucuk,orta,kabuledilemez
cokyuksek,yuksek,4,2,kucuk,yuksek,kabuledilemez
cokyuksek,yuksek,4,2,orta,dusuk,kabuledilemez
cokyuksek,yuksek,4,2,orta,orta,kabuledilemez
cokyuksek,yuksek,4,2,orta,yuksek,kabuledilemez
cokyuksek,yuksek,4,2,buyuk,dusuk,kabuledilemez
cokyuksek,yuksek,4,2,buyuk,orta,kabuledilemez
cokyuksek,yuksek,4,2,buyuk,yuksek,kabuledilemez
cokyuksek,yuksek,4,4,kucuk,dusuk,kabuledilemez
cokyuksek,yuksek,4,4,kucuk,orta,kabuledilemez
cokyuksek,yuksek,4,4,kucuk,yuksek,kabuledilemez
cokyuksek,yuksek,4,4,orta,dusuk,kabuledilemez
cokyuksek,yuksek,4,4,orta,orta,kabuledilemez
cokyuksek,yuksek,4,4,orta,yuksek,kabuledilemez
cokyuksek,yuksek,4,4,buyuk,dusuk,kabuledilemez
cokyuksek,yuksek,4,4,buyuk,orta,kabuledilemez
cokyuksek,yuksek,4,4,buyuk,yuksek,kabuledilemez
cokyuksek,yuksek,4,5,kucuk,dusuk,kabuledilemez
cokyuksek,yuksek,4,5,kucuk,orta,kabuledilemez
cokyuksek,yuksek,4,5,kucuk,yuksek,kabuledilemez
cokyuksek,yuksek,4,5,orta,dusuk,kabuledilemez
cokyuksek,yuksek,4,5,orta,orta,kabuledilemez
cokyuksek,yuksek,4,5,orta,yuksek,kabuledilemez
cokyuksek,yuksek,4,5,buyuk,dusuk,kabuledilemez
cokyuksek,yuksek,4,5,buyuk,orta,kabuledilemez
cokyuksek,yuksek,4,5,buyuk,yuksek,kabuledilemez
cokyuksek,yuksek,5,2,kucuk,dusuk,kabuledilemez
cokyuksek,yuksek,5,2,kucuk,orta,kabuledilemez
cokyuksek,yuksek,5,2,kucuk,yuksek,kabuledilemez
cokyuksek,yuksek,5,2,orta,dusuk,kabuledilemez
cokyuksek,yuksek,5,2,orta,orta,kabuledilemez
cokyuksek,yuksek,5,2,orta,yuksek,kabuledilemez
cokyuksek,yuksek,5,2,buyuk,dusuk,kabuledilemez
cokyuksek,yuksek,5,2,buyuk,orta,kabuledilemez
cokyuksek,yuksek,5,2,buyuk,yuksek,kabuledilemez
cokyuksek,yuksek,5,4,kucuk,dusuk,kabuledilemez
cokyuksek,yuksek,5,4,kucuk,orta,kabuledilemez
cokyuksek,yuksek,5,4,kucuk,yuksek,kabuledilemez
cokyuksek,yuksek,5,4,orta,dusuk,kabuledilemez
cokyuksek,yuksek,5,4,orta,orta,kabuledilemez
cokyuksek,yuksek,5,4,orta,yuksek,kabuledilemez
cokyuksek,yuksek,5,4,buyuk,dusuk,kabuledilemez
cokyuksek,yuksek,5,4,buyuk,orta,kabuledilemez
cokyuksek,yuksek,5,4,buyuk,yuksek,kabuledilemez
cokyuksek,yuksek,5,5,kucuk,dusuk,kabuledilemez
cokyuksek,yuksek,5,5,kucuk,orta,kabuledilemez
cokyuksek,yuksek,5,5,kucuk,yuksek,kabuledilemez
cokyuksek,yuksek,5,5,orta,dusuk,kabuledilemez
cokyuksek,yuksek,5,5,orta,orta,kabuledilemez
cokyuksek,yuksek,5,5,orta,yuksek,kabuledilemez
cokyuksek,yuksek,5,5,buyuk,dusuk,kabuledilemez
cokyuksek,yuksek,5,5,buyuk,orta,kabuledilemez
cokyuksek,yuksek,5,5,buyuk,yuksek,kabuledilemez
cokyuksek,orta,2,2,kucuk,dusuk,kabuledilemez
cokyuksek,orta,2,2,kucuk,orta,kabuledilemez
cokyuksek,orta,2,2,kucuk,yuksek,kabuledilemez
cokyuksek,orta,2,2,orta,dusuk,kabuledilemez
cokyuksek,orta,2,2,orta,orta,kabuledilemez
cokyuksek,orta,2,2,orta,yuksek,kabuledilemez
cokyuksek,orta,2,2,buyuk,dusuk,kabuledilemez
cokyuksek,orta,2,2,buyuk,orta,kabuledilemez
cokyuksek,orta,2,2,buyuk,yuksek,kabuledilemez
cokyuksek,orta,2,4,kucuk,dusuk,kabuledilemez
cokyuksek,orta,2,4,kucuk,orta,kabuledilemez
cokyuksek,orta,2,4,kucuk,yuksek,kabuledilebilir
cokyuksek,orta,2,4,orta,dusuk,kabuledilemez
cokyuksek,orta,2,4,orta,orta,kabuledilemez
cokyuksek,orta,2,4,orta,yuksek,kabuledilemez
cokyuksek,orta,2,4,buyuk,dusuk,kabuledilemez
cokyuksek,orta,2,4,buyuk,orta,kabuledilebilir
cokyuksek,orta,2,4,buyuk,yuksek,kabuledilebilir
cokyuksek,orta,2,5,kucuk,dusuk,kabuledilemez
cokyuksek,orta,2,5,kucuk,orta,kabuledilemez
cokyuksek,orta,2,5,kucuk,yuksek,kabuledilemez
cokyuksek,orta,2,5,orta,dusuk,kabuledilemez
cokyuksek,orta,2,5,orta,orta,kabuledilemez
cokyuksek,orta,2,5,orta,yuksek,kabuledilebilir
cokyuksek,orta,2,5,buyuk,dusuk,kabuledilemez
cokyuksek,orta,2,5,buyuk,orta,kabuledilebilir
cokyuksek,orta,2,5,buyuk,yuksek,kabuledilebilir
cokyuksek,orta,3,2,kucuk,dusuk,kabuledilemez
cokyuksek,orta,3,2,kucuk,orta,kabuledilemez
cokyuksek,orta,3,2,kucuk,yuksek,kabuledilemez
cokyuksek,orta,3,2,orta,dusuk,kabuledilemez
cokyuksek,orta,3,2,orta,orta,kabuledilemez
cokyuksek,orta,3,2,orta,yuksek,kabuledilemez
cokyuksek,orta,3,2,buyuk,dusuk,kabuledilemez
cokyuksek,orta,3,2,buyuk,orta,kabuledilemez
cokyuksek,orta,3,2,buyuk,yuksek,kabuledilemez
cokyuksek,orta,3,4,kucuk,dusuk,kabuledilemez
cokyuksek,orta,3,4,kucuk,orta,kabuledilemez
cokyuksek,orta,3,4,kucuk,yuksek,kabuledilebilir
cokyuksek,orta,3,4,orta,dusuk,kabuledilemez
cokyuksek,orta,3,4,orta,orta,kabuledilemez
cokyuksek,orta,3,4,orta,yuksek,kabuledilebilir
cokyuksek,orta,3,4,buyuk,dusuk,kabuledilemez
cokyuksek,orta,3,4,buyuk,orta,kabuledilebilir
cokyuksek,orta,3,4,buyuk,yuksek,kabuledilebilir
cokyuksek,orta,3,5,kucuk,dusuk,kabuledilemez
cokyuksek,orta,3,5,kucuk,orta,kabuledilemez
cokyuksek,orta,3,5,kucuk,yuksek,kabuledilebilir
cokyuksek,orta,3,5,orta,dusuk,kabuledilemez
cokyuksek,orta,3,5,orta,orta,kabuledilebilir
cokyuksek,orta,3,5,orta,yuksek,kabuledilebilir
cokyuksek,orta,3,5,buyuk,dusuk,kabuledilemez
cokyuksek,orta,3,5,buyuk,orta,kabuledilebilir
cokyuksek,orta,3,5,buyuk,yuksek,kabuledilebilir
cokyuksek,orta,4,2,kucuk,dusuk,kabuledilemez
cokyuksek,orta,4,2,kucuk,orta,kabuledilemez
cokyuksek,orta,4,2,kucuk,yuksek,kabuledilemez
cokyuksek,orta,4,2,orta,dusuk,kabuledilemez
cokyuksek,orta,4,2,orta,orta,kabuledilemez
cokyuksek,orta,4,2,orta,yuksek,kabuledilemez
cokyuksek,orta,4,2,buyuk,dusuk,kabuledilemez
cokyuksek,orta,4,2,buyuk,orta,kabuledilemez
cokyuksek,orta,4,2,buyuk,yuksek,kabuledilemez
cokyuksek,orta,4,4,kucuk,dusuk,kabuledilemez
cokyuksek,orta,4,4,kucuk,orta,kabuledilemez
cokyuksek,orta,4,4,kucuk,yuksek,kabuledilebilir
cokyuksek,orta,4,4,orta,dusuk,kabuledilemez
cokyuksek,orta,4,4,orta,orta,kabuledilebilir
cokyuksek,orta,4,4,orta,yuksek,kabuledilebilir
cokyuksek,orta,4,4,buyuk,dusuk,kabuledilemez
cokyuksek,orta,4,4,buyuk,orta,kabuledilebilir
cokyuksek,orta,4,4,buyuk,yuksek,kabuledilebilir
cokyuksek,orta,4,5,kucuk,dusuk,kabuledilemez
cokyuksek,orta,4,5,kucuk,orta,kabuledilemez
cokyuksek,orta,4,5,kucuk,yuksek,kabuledilebilir
cokyuksek,orta,4,5,orta,dusuk,kabuledilemez
cokyuksek,orta,4,5,orta,orta,kabuledilebilir
cokyuksek,orta,4,5,orta,yuksek,kabuledilebilir
cokyuksek,orta,4,5,buyuk,dusuk,kabuledilemez
cokyuksek,orta,4,5,buyuk,orta,kabuledilebilir
cokyuksek,orta,4,5,buyuk,yuksek,kabuledilebilir
cokyuksek,orta,5,2,kucuk,dusuk,kabuledilemez
cokyuksek,orta,5,2,kucuk,orta,kabuledilemez
cokyuksek,orta,5,2,kucuk,yuksek,kabuledilemez
cokyuksek,orta,5,2,orta,dusuk,kabuledilemez
cokyuksek,orta,5,2,orta,orta,kabuledilemez
cokyuksek,orta,5,2,orta,yuksek,kabuledilemez
cokyuksek,orta,5,2,buyuk,dusuk,kabuledilemez
cokyuksek,orta,5,2,buyuk,orta,kabuledilemez
cokyuksek,orta,5,2,buyuk,yuksek,kabuledilemez
cokyuksek,orta,5,4,kucuk,dusuk,kabuledilemez
cokyuksek,orta,5,4,kucuk,orta,kabuledilemez
cokyuksek,orta,5,4,kucuk,yuksek,kabuledilebilir
cokyuksek,orta,5,4,orta,dusuk,kabuledilemez
cokyuksek,orta,5,4,orta,orta,kabuledilebilir
cokyuksek,orta,5,4,orta,yuksek,kabuledilebilir
cokyuksek,orta,5,4,buyuk,dusuk,kabuledilemez
cokyuksek,orta,5,4,buyuk,orta,kabuledilebilir
cokyuksek,orta,5,4,buyuk,yuksek,kabuledilebilir
cokyuksek,orta,5,5,kucuk,dusuk,kabuledilemez
cokyuksek,orta,5,5,kucuk,orta,kabuledilemez
cokyuksek,orta,5,5,kucuk,yuksek,kabuledilebilir
cokyuksek,orta,5,5,orta,dusuk,kabuledilemez
cokyuksek,orta,5,5,orta,orta,kabuledilebilir
cokyuksek,orta,5,5,orta,yuksek,kabuledilebilir
cokyuksek,orta,5,5,buyuk,dusuk,kabuledilemez
cokyuksek,orta,5,5,buyuk,orta,kabuledilebilir
cokyuksek,orta,5,5,buyuk,yuksek,kabuledilebilir
cokyuksek,dusuk,2,2,kucuk,dusuk,kabuledilemez
cokyuksek,dusuk,2,2,kucuk,orta,kabuledilemez
cokyuksek,dusuk,2,2,kucuk,yuksek,kabuledilemez
cokyuksek,dusuk,2,2,orta,dusuk,kabuledilemez
cokyuksek,dusuk,2,2,orta,orta,kabuledilemez
cokyuksek,dusuk,2,2,orta,yuksek,kabuledilemez
cokyuksek,dusuk,2,2,buyuk,dusuk,kabuledilemez
cokyuksek,dusuk,2,2,buyuk,orta,kabuledilemez
cokyuksek,dusuk,2,2,buyuk,yuksek,kabuledilemez
cokyuksek,dusuk,2,4,kucuk,dusuk,kabuledilemez
cokyuksek,dusuk,2,4,kucuk,orta,kabuledilemez
cokyuksek,dusuk,2,4,kucuk,yuksek,kabuledilebilir
cokyuksek,dusuk,2,4,orta,dusuk,kabuledilemez
cokyuksek,dusuk,2,4,orta,orta,kabuledilemez
cokyuksek,dusuk,2,4,orta,yuksek,kabuledilebilir
cokyuksek,dusuk,2,4,buyuk,dusuk,kabuledilemez
cokyuksek,dusuk,2,4,buyuk,orta,kabuledilebilir
cokyuksek,dusuk,2,4,buyuk,yuksek,kabuledilebilir
cokyuksek,dusuk,2,5,kucuk,dusuk,kabuledilemez
cokyuksek,dusuk,2,5,kucuk,orta,kabuledilemez
cokyuksek,dusuk,2,5,kucuk,yuksek,kabuledilemez
cokyuksek,dusuk,2,5,orta,dusuk,kabuledilemez
cokyuksek,dusuk,2,5,orta,orta,kabuledilemez
cokyuksek,dusuk,2,5,orta,yuksek,kabuledilebilir
cokyuksek,dusuk,2,5,buyuk,dusuk,kabuledilemez
cokyuksek,dusuk,2,5,buyuk,orta,kabuledilebilir
cokyuksek,dusuk,2,5,buyuk,yuksek,kabuledilebilir
cokyuksek,dusuk,3,2,kucuk,dusuk,kabuledilemez
cokyuksek,dusuk,3,2,kucuk,orta,kabuledilemez
cokyuksek,dusuk,3,2,kucuk,yuksek,kabuledilemez
cokyuksek,dusuk,3,2,orta,dusuk,kabuledilemez
cokyuksek,dusuk,3,2,orta,orta,kabuledilemez
cokyuksek,dusuk,3,2,orta,yuksek,kabuledilemez
cokyuksek,dusuk,3,2,buyuk,dusuk,kabuledilemez
cokyuksek,dusuk,3,2,buyuk,orta,kabuledilemez
cokyuksek,dusuk,3,2,buyuk,yuksek,kabuledilemez
cokyuksek,dusuk,3,4,kucuk,dusuk,kabuledilemez
cokyuksek,dusuk,3,4,kucuk,orta,kabuledilemez
cokyuksek,dusuk,3,4,kucuk,yuksek,kabuledilebilir
cokyuksek,dusuk,3,4,orta,dusuk,kabuledilemez
cokyuksek,dusuk,3,4,orta,orta,kabuledilemez
cokyuksek,dusuk,3,4,orta,yuksek,kabuledilebilir
cokyuksek,dusuk,3,4,buyuk,dusuk,kabuledilemez
cokyuksek,dusuk,3,4,buyuk,orta,kabuledilebilir
cokyuksek,dusuk,3,4,buyuk,yuksek,kabuledilebilir
cokyuksek,dusuk,3,5,kucuk,dusuk,kabuledilemez
cokyuksek,dusuk,3,5,kucuk,orta,kabuledilemez
cokyuksek,dusuk,3,5,kucuk,yuksek,kabuledilebilir
cokyuksek,dusuk,3,5,orta,dusuk,kabuledilemez
cokyuksek,dusuk,3,5,orta,orta,kabuledilebilir
cokyuksek,dusuk,3,5,orta,yuksek,kabuledilebilir
cokyuksek,dusuk,3,5,buyuk,dusuk,kabuledilemez
cokyuksek,dusuk,3,5,buyuk,orta,kabuledilebilir
cokyuksek,dusuk,3,5,buyuk,yuksek,kabuledilebilir
cokyuksek,dusuk,4,2,kucuk,dusuk,kabuledilemez
cokyuksek,dusuk,4,2,kucuk,orta,kabuledilemez
cokyuksek,dusuk,4,2,kucuk,yuksek,kabuledilemez
cokyuksek,dusuk,4,2,orta,dusuk,kabuledilemez
cokyuksek,dusuk,4,2,orta,orta,kabuledilemez
cokyuksek,dusuk,4,2,orta,yuksek,kabuledilemez
cokyuksek,dusuk,4,2,buyuk,dusuk,kabuledilemez
cokyuksek,dusuk,4,2,buyuk,orta,kabuledilemez
cokyuksek,dusuk,4,2,buyuk,yuksek,kabuledilemez
cokyuksek,dusuk,4,4,kucuk,dusuk,kabuledilemez
cokyuksek,dusuk,4,4,kucuk,orta,kabuledilemez
cokyuksek,dusuk,4,4,kucuk,yuksek,kabuledilebilir
cokyuksek,dusuk,4,4,orta,dusuk,kabuledilemez
cokyuksek,dusuk,4,4,orta,orta,kabuledilebilir
cokyuksek,dusuk,4,4,orta,yuksek,kabuledilebilir
cokyuksek,dusuk,4,4,buyuk,dusuk,kabuledilemez
cokyuksek,dusuk,4,4,buyuk,orta,kabuledilebilir
cokyuksek,dusuk,4,4,buyuk,yuksek,kabuledilebilir
cokyuksek,dusuk,4,5,kucuk,dusuk,kabuledilemez
cokyuksek,dusuk,4,5,kucuk,orta,kabuledilemez
cokyuksek,dusuk,4,5,kucuk,yuksek,kabuledilebilir
cokyuksek,dusuk,4,5,orta,dusuk,kabuledilemez
cokyuksek,dusuk,4,5,orta,orta,kabuledilebilir
cokyuksek,dusuk,4,5,orta,yuksek,kabuledilebilir
cokyuksek,dusuk,4,5,buyuk,dusuk,kabuledilemez
cokyuksek,dusuk,4,5,buyuk,orta,kabuledilebilir
cokyuksek,dusuk,4,5,buyuk,yuksek,kabuledilebilir
cokyuksek,dusuk,5,2,kucuk,dusuk,kabuledilemez
cokyuksek,dusuk,5,2,kucuk,orta,kabuledilemez
cokyuksek,dusuk,5,2,kucuk,yuksek,kabuledilemez
cokyuksek,dusuk,5,2,orta,dusuk,kabuledilemez
cokyuksek,dusuk,5,2,orta,orta,kabuledilemez
cokyuksek,dusuk,5,2,orta,yuksek,kabuledilemez
cokyuksek,dusuk,5,2,buyuk,dusuk,kabuledilemez
cokyuksek,dusuk,5,2,buyuk,orta,kabuledilemez
cokyuksek,dusuk,5,2,buyuk,yuksek,kabuledilemez
cokyuksek,dusuk,5,4,kucuk,dusuk,kabuledilemez
cokyuksek,dusuk,5,4,kucuk,orta,kabuledilemez
cokyuksek,dusuk,5,4,kucuk,yuksek,kabuledilebilir
cokyuksek,dusuk,5,4,orta,dusuk,kabuledilemez
cokyuksek,dusuk,5,4,orta,orta,kabuledilebilir
cokyuksek,dusuk,5,4,orta,yuksek,kabuledilebilir
cokyuksek,dusuk,5,4,buyuk,dusuk,kabuledilemez
cokyuksek,dusuk,5,4,buyuk,orta,kabuledilebilir
cokyuksek,dusuk,5,4,buyuk,yuksek,kabuledilebilir
cokyuksek,dusuk,5,5,kucuk,dusuk,kabuledilemez
cokyuksek,dusuk,5,5,kucuk,orta,kabuledilemez
cokyuksek,dusuk,5,5,kucuk,yuksek,kabuledilebilir
cokyuksek,dusuk,5,5,orta,dusuk,kabuledilemez
cokyuksek,dusuk,5,5,orta,orta,kabuledilebilir
cokyuksek,dusuk,5,5,orta,yuksek,kabuledilebilir
cokyuksek,dusuk,5,5,buyuk,dusuk,kabuledilemez
cokyuksek,dusuk,5,5,buyuk,orta,kabuledilebilir
cokyuksek,dusuk,5,5,buyuk,yuksek,kabuledilebilir
yuksek,cokyuksek,2,2,kucuk,dusuk,kabuledilemez
yuksek,cokyuksek,2,2,kucuk,orta,kabuledilemez
yuksek,cokyuksek,2,2,kucuk,yuksek,kabuledilemez
yuksek,cokyuksek,2,2,orta,dusuk,kabuledilemez
yuksek,cokyuksek,2,2,orta,orta,kabuledilemez
yuksek,cokyuksek,2,2,orta,yuksek,kabuledilemez
yuksek,cokyuksek,2,2,buyuk,dusuk,kabuledilemez
yuksek,cokyuksek,2,2,buyuk,orta,kabuledilemez
yuksek,cokyuksek,2,2,buyuk,yuksek,kabuledilemez
yuksek,cokyuksek,2,4,kucuk,dusuk,kabuledilemez
yuksek,cokyuksek,2,4,kucuk,orta,kabuledilemez
yuksek,cokyuksek,2,4,kucuk,yuksek,kabuledilemez
yuksek,cokyuksek,2,4,orta,dusuk,kabuledilemez
yuksek,cokyuksek,2,4,orta,orta,kabuledilemez
yuksek,cokyuksek,2,4,orta,yuksek,kabuledilemez
yuksek,cokyuksek,2,4,buyuk,dusuk,kabuledilemez
yuksek,cokyuksek,2,4,buyuk,orta,kabuledilemez
yuksek,cokyuksek,2,4,buyuk,yuksek,kabuledilemez
yuksek,cokyuksek,2,5,kucuk,dusuk,kabuledilemez
yuksek,cokyuksek,2,5,kucuk,orta,kabuledilemez
yuksek,cokyuksek,2,5,kucuk,yuksek,kabuledilemez
yuksek,cokyuksek,2,5,orta,dusuk,kabuledilemez
yuksek,cokyuksek,2,5,orta,orta,kabuledilemez
yuksek,cokyuksek,2,5,orta,yuksek,kabuledilemez
yuksek,cokyuksek,2,5,buyuk,dusuk,kabuledilemez
yuksek,cokyuksek,2,5,buyuk,orta,kabuledilemez
yuksek,cokyuksek,2,5,buyuk,yuksek,kabuledilemez
yuksek,cokyuksek,3,2,kucuk,dusuk,kabuledilemez
yuksek,cokyuksek,3,2,kucuk,orta,kabuledilemez
yuksek,cokyuksek,3,2,kucuk,yuksek,kabuledilemez
yuksek,cokyuksek,3,2,orta,dusuk,kabuledilemez
yuksek,cokyuksek,3,2,orta,orta,kabuledilemez
yuksek,cokyuksek,3,2,orta,yuksek,kabuledilemez
yuksek,cokyuksek,3,2,buyuk,dusuk,kabuledilemez
yuksek,cokyuksek,3,2,buyuk,orta,kabuledilemez
yuksek,cokyuksek,3,2,buyuk,yuksek,kabuledilemez
yuksek,cokyuksek,3,4,kucuk,dusuk,kabuledilemez
yuksek,cokyuksek,3,4,kucuk,orta,kabuledilemez
yuksek,cokyuksek,3,4,kucuk,yuksek,kabuledilemez
yuksek,cokyuksek,3,4,orta,dusuk,kabuledilemez
yuksek,cokyuksek,3,4,orta,orta,kabuledilemez
yuksek,cokyuksek,3,4,orta,yuksek,kabuledilemez
yuksek,cokyuksek,3,4,buyuk,dusuk,kabuledilemez
yuksek,cokyuksek,3,4,buyuk,orta,kabuledilemez
yuksek,cokyuksek,3,4,buyuk,yuksek,kabuledilemez
yuksek,cokyuksek,3,5,kucuk,dusuk,kabuledilemez
yuksek,cokyuksek,3,5,kucuk,orta,kabuledilemez
yuksek,cokyuksek,3,5,kucuk,yuksek,kabuledilemez
yuksek,cokyuksek,3,5,orta,dusuk,kabuledilemez
yuksek,cokyuksek,3,5,orta,orta,kabuledilemez
yuksek,cokyuksek,3,5,orta,yuksek,kabuledilemez
yuksek,cokyuksek,3,5,buyuk,dusuk,kabuledilemez
yuksek,cokyuksek,3,5,buyuk,orta,kabuledilemez
yuksek,cokyuksek,3,5,buyuk,yuksek,kabuledilemez
yuksek,cokyuksek,4,2,kucuk,dusuk,kabuledilemez
yuksek,cokyuksek,4,2,kucuk,orta,kabuledilemez
yuksek,cokyuksek,4,2,kucuk,yuksek,kabuledilemez
yuksek,cokyuksek,4,2,orta,dusuk,kabuledilemez
yuksek,cokyuksek,4,2,orta,orta,kabuledilemez
yuksek,cokyuksek,4,2,orta,yuksek,kabuledilemez
yuksek,cokyuksek,4,2,buyuk,dusuk,kabuledilemez
yuksek,cokyuksek,4,2,buyuk,orta,kabuledilemez
yuksek,cokyuksek,4,2,buyuk,yuksek,kabuledilemez
yuksek,cokyuksek,4,4,kucuk,dusuk,kabuledilemez
yuksek,cokyuksek,4,4,kucuk,orta,kabuledilemez
yuksek,cokyuksek,4,4,kucuk,yuksek,kabuledilemez
yuksek,cokyuksek,4,4,orta,dusuk,kabuledilemez
yuksek,cokyuksek,4,4,orta,orta,kabuledilemez
yuksek,cokyuksek,4,4,orta,yuksek,kabuledilemez
yuksek,cokyuksek,4,4,buyuk,dusuk,kabuledilemez
yuksek,cokyuksek,4,4,buyuk,orta,kabuledilemez
yuksek,cokyuksek,4,4,buyuk,yuksek,kabuledilemez
yuksek,cokyuksek,4,5,kucuk,dusuk,kabuledilemez
yuksek,cokyuksek,4,5,kucuk,orta,kabuledilemez
yuksek,cokyuksek,4,5,kucuk,yuksek,kabuledilemez
yuksek,cokyuksek,4,5,orta,dusuk,kabuledilemez
yuksek,cokyuksek,4,5,orta,orta,kabuledilemez
yuksek,cokyuksek,4,5,orta,yuksek,kabuledilemez
yuksek,cokyuksek,4,5,buyuk,dusuk,kabuledilemez
yuksek,cokyuksek,4,5,buyuk,orta,kabuledilemez
yuksek,cokyuksek,4,5,buyuk,yuksek,kabuledilemez
yuksek,cokyuksek,5,2,kucuk,dusuk,kabuledilemez
yuksek,cokyuksek,5,2,kucuk,orta,kabuledilemez
yuksek,cokyuksek,5,2,kucuk,yuksek,kabuledilemez
yuksek,cokyuksek,5,2,orta,dusuk,kabuledilemez
yuksek,cokyuksek,5,2,orta,orta,kabuledilemez
yuksek,cokyuksek,5,2,orta,yuksek,kabuledilemez
yuksek,cokyuksek,5,2,buyuk,dusuk,kabuledilemez
yuksek,cokyuksek,5,2,buyuk,orta,kabuledilemez
yuksek,cokyuksek,5,2,buyuk,yuksek,kabuledilemez
yuksek,cokyuksek,5,4,kucuk,dusuk,kabuledilemez
yuksek,cokyuksek,5,4,kucuk,orta,kabuledilemez
yuksek,cokyuksek,5,4,kucuk,yuksek,kabuledilemez
yuksek,cokyuksek,5,4,orta,dusuk,kabuledilemez
yuksek,cokyuksek,5,4,orta,orta,kabuledilemez
yuksek,cokyuksek,5,4,orta,yuksek,kabuledilemez
yuksek,cokyuksek,5,4,buyuk,dusuk,kabuledilemez
yuksek,cokyuksek,5,4,buyuk,orta,kabuledilemez
yuksek,cokyuksek,5,4,buyuk,yuksek,kabuledilemez
yuksek,cokyuksek,5,5,kucuk,dusuk,kabuledilemez
yuksek,cokyuksek,5,5,kucuk,orta,kabuledilemez
yuksek,cokyuksek,5,5,kucuk,yuksek,kabuledilemez
yuksek,cokyuksek,5,5,orta,dusuk,kabuledilemez
yuksek,cokyuksek,5,5,orta,orta,kabuledilemez
yuksek,cokyuksek,5,5,orta,yuksek,kabuledilemez
yuksek,cokyuksek,5,5,buyuk,dusuk,kabuledilemez
yuksek,cokyuksek,5,5,buyuk,orta,kabuledilemez
yuksek,cokyuksek,5,5,buyuk,yuksek,kabuledilemez
yuksek,yuksek,2,2,kucuk,dusuk,kabuledilemez
yuksek,yuksek,2,2,kucuk,orta,kabuledilemez
yuksek,yuksek,2,2,kucuk,yuksek,kabuledilemez
yuksek,yuksek,2,2,orta,dusuk,kabuledilemez
yuksek,yuksek,2,2,orta,orta,kabuledilemez
yuksek,yuksek,2,2,orta,yuksek,kabuledilemez
yuksek,yuksek,2,2,buyuk,dusuk,kabuledilemez
yuksek,yuksek,2,2,buyuk,orta,kabuledilemez
yuksek,yuksek,2,2,buyuk,yuksek,kabuledilemez
yuksek,yuksek,2,4,kucuk,dusuk,kabuledilemez
yuksek,yuksek,2,4,kucuk,orta,kabuledilemez
yuksek,yuksek,2,4,kucuk,yuksek,kabuledilebilir
yuksek,yuksek,2,4,orta,dusuk,kabuledilemez
yuksek,yuksek,2,4,orta,orta,kabuledilemez
yuksek,yuksek,2,4,orta,yuksek,kabuledilebilir
yuksek,yuksek,2,4,buyuk,dusuk,kabuledilemez
yuksek,yuksek,2,4,buyuk,orta,kabuledilebilir
yuksek,yuksek,2,4,buyuk,yuksek,kabuledilebilir
yuksek,yuksek,2,5,kucuk,dusuk,kabuledilemez
yuksek,yuksek,2,5,kucuk,orta,kabuledilemez
yuksek,yuksek,2,5,kucuk,yuksek,kabuledilemez
yuksek,yuksek,2,5,orta,dusuk,kabuledilemez
yuksek,yuksek,2,5,orta,orta,kabuledilemez
yuksek,yuksek,2,5,orta,yuksek,kabuledilebilir
yuksek,yuksek,2,5,buyuk,dusuk,kabuledilemez
yuksek,yuksek,2,5,buyuk,orta,kabuledilebilir
yuksek,yuksek,2,5,buyuk,yuksek,kabuledilebilir
yuksek,yuksek,3,2,kucuk,dusuk,kabuledilemez
yuksek,yuksek,3,2,kucuk,orta,kabuledilemez
yuksek,yuksek,3,2,kucuk,yuksek,kabuledilemez
yuksek,yuksek,3,2,orta,dusuk,kabuledilemez
yuksek,yuksek,3,2,orta,orta,kabuledilemez
yuksek,yuksek,3,2,orta,yuksek,kabuledilemez
yuksek,yuksek,3,2,buyuk,dusuk,kabuledilemez
yuksek,yuksek,3,2,buyuk,orta,kabuledilemez
yuksek,yuksek,3,2,buyuk,yuksek,kabuledilemez
yuksek,yuksek,3,4,kucuk,dusuk,kabuledilemez
yuksek,yuksek,3,4,kucuk,orta,kabuledilemez
yuksek,yuksek,3,4,kucuk,yuksek,kabuledilebilir
yuksek,yuksek,3,4,orta,dusuk,kabuledilemez
yuksek,yuksek,3,4,orta,orta,kabuledilemez
yuksek,yuksek,3,4,orta,yuksek,kabuledilebilir
yuksek,yuksek,3,4,buyuk,dusuk,kabuledilemez
yuksek,yuksek,3,4,buyuk,orta,kabuledilebilir
yuksek,yuksek,3,4,buyuk,yuksek,kabuledilebilir
yuksek,yuksek,3,5,kucuk,dusuk,kabuledilemez
yuksek,yuksek,3,5,kucuk,orta,kabuledilemez
yuksek,yuksek,3,5,kucuk,yuksek,kabuledilebilir
yuksek,yuksek,3,5,orta,dusuk,kabuledilemez
yuksek,yuksek,3,5,orta,orta,kabuledilebilir
yuksek,yuksek,3,5,orta,yuksek,kabuledilebilir
yuksek,yuksek,3,5,buyuk,dusuk,kabuledilemez
yuksek,yuksek,3,5,buyuk,orta,kabuledilebilir
yuksek,yuksek,3,5,buyuk,yuksek,kabuledilebilir
yuksek,yuksek,4,2,kucuk,dusuk,kabuledilemez
yuksek,yuksek,4,2,kucuk,orta,kabuledilemez
yuksek,yuksek,4,2,kucuk,yuksek,kabuledilemez
yuksek,yuksek,4,2,orta,dusuk,kabuledilemez
yuksek,yuksek,4,2,orta,orta,kabuledilemez
yuksek,yuksek,4,2,orta,yuksek,kabuledilemez
yuksek,yuksek,4,2,buyuk,dusuk,kabuledilemez
yuksek,yuksek,4,2,buyuk,orta,kabuledilemez
yuksek,yuksek,4,2,buyuk,yuksek,kabuledilemez
yuksek,yuksek,4,4,kucuk,dusuk,kabuledilemez
yuksek,yuksek,4,4,kucuk,orta,kabuledilemez
yuksek,yuksek,4,4,kucuk,yuksek,kabuledilebilir
yuksek,yuksek,4,4,orta,dusuk,kabuledilemez
yuksek,yuksek,4,4,orta,orta,kabuledilebilir
yuksek,yuksek,4,4,orta,yuksek,kabuledilebilir
yuksek,yuksek,4,4,buyuk,dusuk,kabuledilemez
yuksek,yuksek,4,4,buyuk,orta,kabuledilebilir
yuksek,yuksek,4,4,buyuk,yuksek,kabuledilebilir
yuksek,yuksek,4,5,kucuk,dusuk,kabuledilemez
yuksek,yuksek,4,5,kucuk,orta,kabuledilemez
yuksek,yuksek,4,5,kucuk,yuksek,kabuledilebilir
yuksek,yuksek,4,5,orta,dusuk,kabuledilemez
yuksek,yuksek,4,5,orta,orta,kabuledilebilir
yuksek,yuksek,4,5,orta,yuksek,kabuledilebilir
yuksek,yuksek,4,5,buyuk,dusuk,kabuledilemez
yuksek,yuksek,4,5,buyuk,orta,kabuledilebilir
yuksek,yuksek,4,5,buyuk,yuksek,kabuledilebilir
yuksek,yuksek,5,2,kucuk,dusuk,kabuledilemez
yuksek,yuksek,5,2,kucuk,orta,kabuledilemez
yuksek,yuksek,5,2,kucuk,yuksek,kabuledilemez
yuksek,yuksek,5,2,orta,dusuk,kabuledilemez
yuksek,yuksek,5,2,orta,orta,kabuledilemez
yuksek,yuksek,5,2,orta,yuksek,kabuledilemez
yuksek,yuksek,5,2,buyuk,dusuk,kabuledilemez
yuksek,yuksek,5,2,buyuk,orta,kabuledilemez
yuksek,yuksek,5,2,buyuk,yuksek,kabuledilemez
yuksek,yuksek,5,4,kucuk,dusuk,kabuledilemez
yuksek,yuksek,5,4,kucuk,orta,kabuledilemez
yuksek,yuksek,5,4,kucuk,yuksek,kabuledilebilir
yuksek,yuksek,5,4,orta,dusuk,kabuledilemez
yuksek,yuksek,5,4,orta,orta,kabuledilebilir
yuksek,yuksek,5,4,orta,yuksek,kabuledilebilir
yuksek,yuksek,5,4,buyuk,dusuk,kabuledilemez
yuksek,yuksek,5,4,buyuk,orta,kabuledilebilir
yuksek,yuksek,5,4,buyuk,yuksek,kabuledilebilir
yuksek,yuksek,5,5,kucuk,dusuk,kabuledilemez
yuksek,yuksek,5,5,kucuk,orta,kabuledilemez
yuksek,yuksek,5,5,kucuk,yuksek,kabuledilebilir
yuksek,yuksek,5,5,orta,dusuk,kabuledilemez
yuksek,yuksek,5,5,orta,orta,kabuledilebilir
yuksek,yuksek,5,5,orta,yuksek,kabuledilebilir
yuksek,yuksek,5,5,buyuk,dusuk,kabuledilemez
yuksek,yuksek,5,5,buyuk,orta,kabuledilebilir
yuksek,yuksek,5,5,buyuk,yuksek,kabuledilebilir
yuksek,orta,2,2,kucuk,dusuk,kabuledilemez
yuksek,orta,2,2,kucuk,orta,kabuledilemez
yuksek,orta,2,2,kucuk,yuksek,kabuledilemez
yuksek,orta,2,2,orta,dusuk,kabuledilemez
yuksek,orta,2,2,orta,orta,kabuledilemez
yuksek,orta,2,2,orta,yuksek,kabuledilemez
yuksek,orta,2,2,buyuk,dusuk,kabuledilemez
yuksek,orta,2,2,buyuk,orta,kabuledilemez
yuksek,orta,2,2,buyuk,yuksek,kabuledilemez
yuksek,orta,2,4,kucuk,dusuk,kabuledilemez
yuksek,orta,2,4,kucuk,orta,kabuledilemez
yuksek,orta,2,4,kucuk,yuksek,kabuledilebilir
yuksek,orta,2,4,orta,dusuk,kabuledilemez
yuksek,orta,2,4,orta,orta,kabuledilemez
yuksek,orta,2,4,orta,yuksek,kabuledilebilir
yuksek,orta,2,4,buyuk,dusuk,kabuledilemez
yuksek,orta,2,4,buyuk,orta,kabuledilebilir
yuksek,orta,2,4,buyuk,yuksek,kabuledilebilir
yuksek,orta,2,5,kucuk,dusuk,kabuledilemez
yuksek,orta,2,5,kucuk,orta,kabuledilemez
yuksek,orta,2,5,kucuk,yuksek,kabuledilemez
yuksek,orta,2,5,orta,dusuk,kabuledilemez
yuksek,orta,2,5,orta,orta,kabuledilemez
yuksek,orta,2,5,orta,yuksek,kabuledilebilir
yuksek,orta,2,5,buyuk,dusuk,kabuledilemez
yuksek,orta,2,5,buyuk,orta,kabuledilebilir
yuksek,orta,2,5,buyuk,yuksek,kabuledilebilir
yuksek,orta,3,2,kucuk,dusuk,kabuledilemez
yuksek,orta,3,2,kucuk,orta,kabuledilemez
yuksek,orta,3,2,kucuk,yuksek,kabuledilemez
yuksek,orta,3,2,orta,dusuk,kabuledilemez
yuksek,orta,3,2,orta,orta,kabuledilemez
yuksek,orta,3,2,orta,yuksek,kabuledilemez
yuksek,orta,3,2,buyuk,dusuk,kabuledilemez
yuksek,orta,3,2,buyuk,orta,kabuledilemez
yuksek,orta,3,2,buyuk,yuksek,kabuledilemez
yuksek,orta,3,4,kucuk,dusuk,kabuledilemez
yuksek,orta,3,4,kucuk,orta,kabuledilemez
yuksek,orta,3,4,kucuk,yuksek,kabuledilebilir
yuksek,orta,3,4,orta,dusuk,kabuledilemez
yuksek,orta,3,4,orta,orta,kabuledilemez
yuksek,orta,3,4,orta,yuksek,kabuledilebilir
yuksek,orta,3,4,buyuk,dusuk,kabuledilemez
yuksek,orta,3,4,buyuk,orta,kabuledilebilir
yuksek,orta,3,4,buyuk,yuksek,kabuledilebilir
yuksek,orta,3,5,kucuk,dusuk,kabuledilemez
yuksek,orta,3,5,kucuk,orta,kabuledilemez
yuksek,orta,3,5,kucuk,yuksek,kabuledilebilir
yuksek,orta,3,5,orta,dusuk,kabuledilemez
yuksek,orta,3,5,orta,orta,kabuledilebilir
yuksek,orta,3,5,orta,yuksek,kabuledilebilir
yuksek,orta,3,5,buyuk,dusuk,kabuledilemez
yuksek,orta,3,5,buyuk,orta,kabuledilebilir
yuksek,orta,3,5,buyuk,yuksek,kabuledilebilir
yuksek,orta,4,2,kucuk,dusuk,kabuledilemez
yuksek,orta,4,2,kucuk,orta,kabuledilemez
yuksek,orta,4,2,kucuk,yuksek,kabuledilemez
yuksek,orta,4,2,orta,dusuk,kabuledilemez
yuksek,orta,4,2,orta,orta,kabuledilemez
yuksek,orta,4,2,orta,yuksek,kabuledilemez
yuksek,orta,4,2,buyuk,dusuk,kabuledilemez
yuksek,orta,4,2,buyuk,orta,kabuledilemez
yuksek,orta,4,2,buyuk,yuksek,kabuledilemez
yuksek,orta,4,4,kucuk,dusuk,kabuledilemez
yuksek,orta,4,4,kucuk,orta,kabuledilemez
yuksek,orta,4,4,kucuk,yuksek,kabuledilebilir
yuksek,orta,4,4,orta,dusuk,kabuledilemez
yuksek,orta,4,4,orta,orta,kabuledilebilir
yuksek,orta,4,4,orta,yuksek,kabuledilebilir
yuksek,orta,4,4,buyuk,dusuk,kabuledilemez
yuksek,orta,4,4,buyuk,orta,kabuledilebilir
yuksek,orta,4,4,buyuk,yuksek,kabuledilebilir
yuksek,orta,4,5,kucuk,dusuk,kabuledilemez
yuksek,orta,4,5,kucuk,orta,kabuledilemez
yuksek,orta,4,5,kucuk,yuksek,kabuledilebilir
yuksek,orta,4,5,orta,dusuk,kabuledilemez
yuksek,orta,4,5,orta,orta,kabuledilebilir
yuksek,orta,4,5,orta,yuksek,kabuledilebilir
yuksek,orta,4,5,buyuk,dusuk,kabuledilemez
yuksek,orta,4,5,buyuk,orta,kabuledilebilir
yuksek,orta,4,5,buyuk,yuksek,kabuledilebilir
yuksek,orta,5,2,kucuk,dusuk,kabuledilemez
yuksek,orta,5,2,kucuk,orta,kabuledilemez
yuksek,orta,5,2,kucuk,yuksek,kabuledilemez
yuksek,orta,5,2,orta,dusuk,kabuledilemez
yuksek,orta,5,2,orta,orta,kabuledilemez
yuksek,orta,5,2,orta,yuksek,kabuledilemez
yuksek,orta,5,2,buyuk,dusuk,kabuledilemez
yuksek,orta,5,2,buyuk,orta,kabuledilemez
yuksek,orta,5,2,buyuk,yuksek,kabuledilemez
yuksek,orta,5,4,kucuk,dusuk,kabuledilemez
yuksek,orta,5,4,kucuk,orta,kabuledilemez
yuksek,orta,5,4,kucuk,yuksek,kabuledilebilir
yuksek,orta,5,4,orta,dusuk,kabuledilemez
yuksek,orta,5,4,orta,orta,kabuledilebilir
yuksek,orta,5,4,orta,yuksek,kabuledilebilir
yuksek,orta,5,4,buyuk,dusuk,kabuledilemez
yuksek,orta,5,4,buyuk,orta,kabuledilebilir
yuksek,orta,5,4,buyuk,yuksek,kabuledilebilir
yuksek,orta,5,5,kucuk,dusuk,kabuledilemez
yuksek,orta,5,5,kucuk,orta,kabuledilemez
yuksek,orta,5,5,kucuk,yuksek,kabuledilebilir
yuksek,orta,5,5,orta,dusuk,kabuledilemez
yuksek,orta,5,5,orta,orta,kabuledilebilir
yuksek,orta,5,5,orta,yuksek,kabuledilebilir
yuksek,orta,5,5,buyuk,dusuk,kabuledilemez
yuksek,orta,5,5,buyuk,orta,kabuledilebilir
yuksek,orta,5,5,buyuk,yuksek,kabuledilebilir
yuksek,dusuk,2,2,kucuk,dusuk,kabuledilemez
yuksek,dusuk,2,2,kucuk,orta,kabuledilemez
yuksek,dusuk,2,2,kucuk,yuksek,kabuledilemez
yuksek,dusuk,2,2,orta,dusuk,kabuledilemez
yuksek,dusuk,2,2,orta,orta,kabuledilemez
yuksek,dusuk,2,2,orta,yuksek,kabuledilemez
yuksek,dusuk,2,2,buyuk,dusuk,kabuledilemez
yuksek,dusuk,2,2,buyuk,orta,kabuledilemez
yuksek,dusuk,2,2,buyuk,yuksek,kabuledilemez
yuksek,dusuk,2,4,kucuk,dusuk,kabuledilemez
yuksek,dusuk,2,4,kucuk,orta,kabuledilemez
yuksek,dusuk,2,4,kucuk,yuksek,kabuledilebilir
yuksek,dusuk,2,4,orta,dusuk,kabuledilemez
yuksek,dusuk,2,4,orta,orta,kabuledilemez
yuksek,dusuk,2,4,orta,yuksek,kabuledilebilir
yuksek,dusuk,2,4,buyuk,dusuk,kabuledilemez
yuksek,dusuk,2,4,buyuk,orta,kabuledilebilir
yuksek,dusuk,2,4,buyuk,yuksek,kabuledilebilir
yuksek,dusuk,2,5,kucuk,dusuk,kabuledilemez
yuksek,dusuk,2,5,kucuk,orta,kabuledilemez
yuksek,dusuk,2,5,kucuk,yuksek,kabuledilemez
yuksek,dusuk,2,5,orta,dusuk,kabuledilemez
yuksek,dusuk,2,5,orta,orta,kabuledilemez
yuksek,dusuk,2,5,orta,yuksek,kabuledilebilir
yuksek,dusuk,2,5,buyuk,dusuk,kabuledilemez
yuksek,dusuk,2,5,buyuk,orta,kabuledilebilir
yuksek,dusuk,2,5,buyuk,yuksek,kabuledilebilir
yuksek,dusuk,3,2,kucuk,dusuk,kabuledilemez
yuksek,dusuk,3,2,kucuk,orta,kabuledilemez
yuksek,dusuk,3,2,kucuk,yuksek,kabuledilemez
yuksek,dusuk,3,2,orta,dusuk,kabuledilemez
yuksek,dusuk,3,2,orta,orta,kabuledilemez
yuksek,dusuk,3,2,orta,yuksek,kabuledilemez
yuksek,dusuk,3,2,buyuk,dusuk,kabuledilemez
yuksek,dusuk,3,2,buyuk,orta,kabuledilemez
yuksek,dusuk,3,2,buyuk,yuksek,kabuledilemez
yuksek,dusuk,3,4,kucuk,dusuk,kabuledilemez
yuksek,dusuk,3,4,kucuk,orta,kabuledilemez
yuksek,dusuk,3,4,kucuk,yuksek,kabuledilebilir
yuksek,dusuk,3,4,orta,dusuk,kabuledilemez
yuksek,dusuk,3,4,orta,orta,kabuledilemez
yuksek,dusuk,3,4,orta,yuksek,kabuledilebilir
yuksek,dusuk,3,4,buyuk,dusuk,kabuledilemez
yuksek,dusuk,3,4,buyuk,orta,kabuledilebilir
yuksek,dusuk,3,4,buyuk,yuksek,kabuledilebilir
yuksek,dusuk,3,5,kucuk,dusuk,kabuledilemez
yuksek,dusuk,3,5,kucuk,orta,kabuledilemez
yuksek,dusuk,3,5,kucuk,yuksek,kabuledilebilir
yuksek,dusuk,3,5,orta,dusuk,kabuledilemez
yuksek,dusuk,3,5,orta,orta,kabuledilebilir
yuksek,dusuk,3,5,orta,yuksek,kabuledilebilir
yuksek,dusuk,3,5,buyuk,dusuk,kabuledilemez
yuksek,dusuk,3,5,buyuk,orta,kabuledilebilir
yuksek,dusuk,3,5,buyuk,yuksek,kabuledilebilir
yuksek,dusuk,4,2,kucuk,dusuk,kabuledilemez
yuksek,dusuk,4,2,kucuk,orta,kabuledilemez
yuksek,dusuk,4,2,kucuk,yuksek,kabuledilemez
yuksek,dusuk,4,2,orta,dusuk,kabuledilemez
yuksek,dusuk,4,2,orta,orta,kabuledilemez
yuksek,dusuk,4,2,orta,yuksek,kabuledilemez
yuksek,dusuk,4,2,buyuk,dusuk,kabuledilemez
yuksek,dusuk,4,2,buyuk,orta,kabuledilemez
yuksek,dusuk,4,2,buyuk,yuksek,kabuledilemez
yuksek,dusuk,4,4,kucuk,dusuk,kabuledilemez
yuksek,dusuk,4,4,kucuk,orta,kabuledilemez
yuksek,dusuk,4,4,kucuk,yuksek,kabuledilebilir
yuksek,dusuk,4,4,orta,dusuk,kabuledilemez
yuksek,dusuk,4,4,orta,orta,kabuledilebilir
yuksek,dusuk,4,4,orta,yuksek,kabuledilebilir
yuksek,dusuk,4,4,buyuk,dusuk,kabuledilemez
yuksek,dusuk,4,4,buyuk,orta,kabuledilebilir
yuksek,dusuk,4,4,buyuk,yuksek,kabuledilebilir
yuksek,dusuk,4,5,kucuk,dusuk,kabuledilemez
yuksek,dusuk,4,5,kucuk,orta,kabuledilemez
yuksek,dusuk,4,5,kucuk,yuksek,kabuledilebilir
yuksek,dusuk,4,5,orta,dusuk,kabuledilemez
yuksek,dusuk,4,5,orta,orta,kabuledilebilir
yuksek,dusuk,4,5,orta,yuksek,kabuledilebilir
yuksek,dusuk,4,5,buyuk,dusuk,kabuledilemez
yuksek,dusuk,4,5,buyuk,orta,kabuledilebilir
yuksek,dusuk,4,5,buyuk,yuksek,kabuledilebilir
yuksek,dusuk,5,2,kucuk,dusuk,kabuledilemez
yuksek,dusuk,5,2,kucuk,orta,kabuledilemez
yuksek,dusuk,5,2,kucuk,yuksek,kabuledilemez
yuksek,dusuk,5,2,orta,dusuk,kabuledilemez
yuksek,dusuk,5,2,orta,orta,kabuledilemez
yuksek,dusuk,5,2,orta,yuksek,kabuledilemez
yuksek,dusuk,5,2,buyuk,dusuk,kabuledilemez
yuksek,dusuk,5,2,buyuk,orta,kabuledilemez
yuksek,dusuk,5,2,buyuk,yuksek,kabuledilemez
yuksek,dusuk,5,4,kucuk,dusuk,kabuledilemez
yuksek,dusuk,5,4,kucuk,orta,kabuledilemez
yuksek,dusuk,5,4,kucuk,yuksek,kabuledilebilir
yuksek,dusuk,5,4,orta,dusuk,kabuledilemez
yuksek,dusuk,5,4,orta,orta,kabuledilebilir
yuksek,dusuk,5,4,orta,yuksek,kabuledilebilir
yuksek,dusuk,5,4,buyuk,dusuk,kabuledilemez
yuksek,dusuk,5,4,buyuk,orta,kabuledilebilir
yuksek,dusuk,5,4,buyuk,yuksek,kabuledilebilir
yuksek,dusuk,5,5,kucuk,dusuk,kabuledilemez
yuksek,dusuk,5,5,kucuk,orta,kabuledilemez
yuksek,dusuk,5,5,kucuk,yuksek,kabuledilebilir
yuksek,dusuk,5,5,orta,dusuk,kabuledilemez
yuksek,dusuk,5,5,orta,orta,kabuledilebilir
yuksek,dusuk,5,5,orta,yuksek,kabuledilebilir
yuksek,dusuk,5,5,buyuk,dusuk,kabuledilemez
yuksek,dusuk,5,5,buyuk,orta,kabuledilebilir
yuksek,dusuk,5,5,buyuk,yuksek,kabuledilebilir
orta,cokyuksek,2,2,kucuk,dusuk,kabuledilemez
orta,cokyuksek,2,2,kucuk,orta,kabuledilemez
orta,cokyuksek,2,2,kucuk,yuksek,kabuledilemez
orta,cokyuksek,2,2,orta,dusuk,kabuledilemez
orta,cokyuksek,2,2,orta,orta,kabuledilemez
orta,cokyuksek,2,2,orta,yuksek,kabuledilemez
orta,cokyuksek,2,2,buyuk,dusuk,kabuledilemez
orta,cokyuksek,2,2,buyuk,orta,kabuledilemez
orta,cokyuksek,2,2,buyuk,yuksek,kabuledilemez
orta,cokyuksek,2,4,kucuk,dusuk,kabuledilemez
orta,cokyuksek,2,4,kucuk,orta,kabuledilemez
orta,cokyuksek,2,4,kucuk,yuksek,kabuledilebilir
orta,cokyuksek,2,4,orta,dusuk,kabuledilemez
orta,cokyuksek,2,4,orta,orta,kabuledilemez
orta,cokyuksek,2,4,orta,yuksek,kabuledilebilir
orta,cokyuksek,2,4,buyuk,dusuk,kabuledilemez
orta,cokyuksek,2,4,buyuk,orta,kabuledilebilir
orta,cokyuksek,2,4,buyuk,yuksek,kabuledilebilir
orta,cokyuksek,2,5,kucuk,dusuk,kabuledilemez
orta,cokyuksek,2,5,kucuk,orta,kabuledilemez
orta,cokyuksek,2,5,kucuk,yuksek,kabuledilemez
orta,cokyuksek,2,5,orta,dusuk,kabuledilemez
orta,cokyuksek,2,5,orta,orta,kabuledilemez
orta,cokyuksek,2,5,orta,yuksek,kabuledilebilir
orta,cokyuksek,2,5,buyuk,dusuk,kabuledilemez
orta,cokyuksek,2,5,buyuk,orta,kabuledilebilir
orta,cokyuksek,2,5,buyuk,yuksek,kabuledilebilir
orta,cokyuksek,3,2,kucuk,dusuk,kabuledilemez
orta,cokyuksek,3,2,kucuk,orta,kabuledilemez
orta,cokyuksek,3,2,kucuk,yuksek,kabuledilemez
orta,cokyuksek,3,2,orta,dusuk,kabuledilemez
orta,cokyuksek,3,2,orta,orta,kabuledilemez
orta,cokyuksek,3,2,orta,yuksek,kabuledilemez
orta,cokyuksek,3,2,buyuk,dusuk,kabuledilemez
orta,cokyuksek,3,2,buyuk,orta,kabuledilemez
orta,cokyuksek,3,2,buyuk,yuksek,kabuledilemez
orta,cokyuksek,3,4,kucuk,dusuk,kabuledilemez
orta,cokyuksek,3,4,kucuk,orta,kabuledilemez
orta,cokyuksek,3,4,kucuk,yuksek,kabuledilebilir
orta,cokyuksek,3,4,orta,dusuk,kabuledilemez
orta,cokyuksek,3,4,orta,orta,kabuledilemez
orta,cokyuksek,3,4,orta,yuksek,kabuledilebilir
orta,cokyuksek,3,4,buyuk,dusuk,kabuledilemez
orta,cokyuksek,3,4,buyuk,orta,kabuledilebilir
orta,cokyuksek,3,4,buyuk,yuksek,kabuledilebilir
orta,cokyuksek,3,5,kucuk,dusuk,kabuledilemez
orta,cokyuksek,3,5,kucuk,orta,kabuledilemez
orta,cokyuksek,3,5,kucuk,yuksek,kabuledilebilir
orta,cokyuksek,3,5,orta,dusuk,kabuledilemez
orta,cokyuksek,3,5,orta,orta,kabuledilebilir
orta,cokyuksek,3,5,orta,yuksek,kabuledilebilir
orta,cokyuksek,3,5,buyuk,dusuk,kabuledilemez
orta,cokyuksek,3,5,buyuk,orta,kabuledilebilir
orta,cokyuksek,3,5,buyuk,yuksek,kabuledilebilir
orta,cokyuksek,4,2,kucuk,dusuk,kabuledilemez
orta,cokyuksek,4,2,kucuk,orta,kabuledilemez
orta,cokyuksek,4,2,kucuk,yuksek,kabuledilemez
orta,cokyuksek,4,2,orta,dusuk,kabuledilemez
orta,cokyuksek,4,2,orta,orta,kabuledilemez
orta,cokyuksek,4,2,orta,yuksek,kabuledilemez
orta,cokyuksek,4,2,buyuk,dusuk,kabuledilemez
orta,cokyuksek,4,2,buyuk,orta,kabuledilemez
orta,cokyuksek,4,2,buyuk,yuksek,kabuledilemez
orta,cokyuksek,4,4,kucuk,dusuk,kabuledilemez
orta,cokyuksek,4,4,kucuk,orta,kabuledilemez
orta,cokyuksek,4,4,kucuk,yuksek,kabuledilebilir
orta,cokyuksek,4,4,orta,dusuk,kabuledilemez
orta,cokyuksek,4,4,orta,orta,kabuledilebilir
orta,cokyuksek,4,4,orta,yuksek,kabuledilebilir
orta,cokyuksek,4,4,buyuk,dusuk,kabuledilemez
orta,cokyuksek,4,4,buyuk,orta,kabuledilebilir
orta,cokyuksek,4,4,buyuk,yuksek,kabuledilebilir
orta,cokyuksek,4,5,kucuk,dusuk,kabuledilemez
orta,cokyuksek,4,5,kucuk,orta,kabuledilemez
orta,cokyuksek,4,5,kucuk,yuksek,kabuledilebilir
orta,cokyuksek,4,5,orta,dusuk,kabuledilemez
orta,cokyuksek,4,5,orta,orta,kabuledilebilir
orta,cokyuksek,4,5,orta,yuksek,kabuledilebilir
orta,cokyuksek,4,5,buyuk,dusuk,kabuledilemez
orta,cokyuksek,4,5,buyuk,orta,kabuledilebilir
orta,cokyuksek,4,5,buyuk,yuksek,kabuledilebilir
orta,cokyuksek,5,2,kucuk,dusuk,kabuledilemez
orta,cokyuksek,5,2,kucuk,orta,kabuledilemez
orta,cokyuksek,5,2,kucuk,yuksek,kabuledilemez
orta,cokyuksek,5,2,orta,dusuk,kabuledilemez
orta,cokyuksek,5,2,orta,orta,kabuledilemez
orta,cokyuksek,5,2,orta,yuksek,kabuledilemez
orta,cokyuksek,5,2,buyuk,dusuk,kabuledilemez
orta,cokyuksek,5,2,buyuk,orta,kabuledilemez
orta,cokyuksek,5,2,buyuk,yuksek,kabuledilemez
orta,cokyuksek,5,4,kucuk,dusuk,kabuledilemez
orta,cokyuksek,5,4,kucuk,orta,kabuledilemez
orta,cokyuksek,5,4,kucuk,yuksek,kabuledilebilir
orta,cokyuksek,5,4,orta,dusuk,kabuledilemez
orta,cokyuksek,5,4,orta,orta,kabuledilebilir
orta,cokyuksek,5,4,orta,yuksek,kabuledilebilir
orta,cokyuksek,5,4,buyuk,dusuk,kabuledilemez
orta,cokyuksek,5,4,buyuk,orta,kabuledilebilir
orta,cokyuksek,5,4,buyuk,yuksek,kabuledilebilir
orta,cokyuksek,5,5,kucuk,dusuk,kabuledilemez
orta,cokyuksek,5,5,kucuk,orta,kabuledilemez
orta,cokyuksek,5,5,kucuk,yuksek,kabuledilebilir
orta,cokyuksek,5,5,orta,dusuk,kabuledilemez
orta,cokyuksek,5,5,orta,orta,kabuledilebilir
orta,cokyuksek,5,5,orta,yuksek,kabuledilebilir
orta,cokyuksek,5,5,buyuk,dusuk,kabuledilemez
orta,cokyuksek,5,5,buyuk,orta,kabuledilebilir
orta,cokyuksek,5,5,buyuk,yuksek,kabuledilebilir
orta,yuksek,2,2,kucuk,dusuk,kabuledilemez
orta,yuksek,2,2,kucuk,orta,kabuledilemez
orta,yuksek,2,2,kucuk,yuksek,kabuledilemez
orta,yuksek,2,2,orta,dusuk,kabuledilemez
orta,yuksek,2,2,orta,orta,kabuledilemez
orta,yuksek,2,2,orta,yuksek,kabuledilemez
orta,yuksek,2,2,buyuk,dusuk,kabuledilemez
orta,yuksek,2,2,buyuk,orta,kabuledilemez
orta,yuksek,2,2,buyuk,yuksek,kabuledilemez
orta,yuksek,2,4,kucuk,dusuk,kabuledilemez
orta,yuksek,2,4,kucuk,orta,kabuledilemez
orta,yuksek,2,4,kucuk,yuksek,kabuledilebilir
orta,yuksek,2,4,orta,dusuk,kabuledilemez
orta,yuksek,2,4,orta,orta,kabuledilemez
orta,yuksek,2,4,orta,yuksek,kabuledilebilir
orta,yuksek,2,4,buyuk,dusuk,kabuledilemez
orta,yuksek,2,4,buyuk,orta,kabuledilebilir
orta,yuksek,2,4,buyuk,yuksek,kabuledilebilir
orta,yuksek,2,5,kucuk,dusuk,kabuledilemez
orta,yuksek,2,5,kucuk,orta,kabuledilemez
orta,yuksek,2,5,kucuk,yuksek,kabuledilemez
orta,yuksek,2,5,orta,dusuk,kabuledilemez
orta,yuksek,2,5,orta,orta,kabuledilemez
orta,yuksek,2,5,orta,yuksek,kabuledilebilir
orta,yuksek,2,5,buyuk,dusuk,kabuledilemez
orta,yuksek,2,5,buyuk,orta,kabuledilebilir
orta,yuksek,2,5,buyuk,yuksek,kabuledilebilir
orta,yuksek,3,2,kucuk,dusuk,kabuledilemez
orta,yuksek,3,2,kucuk,orta,kabuledilemez
orta,yuksek,3,2,kucuk,yuksek,kabuledilemez
orta,yuksek,3,2,orta,dusuk,kabuledilemez
orta,yuksek,3,2,orta,orta,kabuledilemez
orta,yuksek,3,2,orta,yuksek,kabuledilemez
orta,yuksek,3,2,buyuk,dusuk,kabuledilemez
orta,yuksek,3,2,buyuk,orta,kabuledilemez
orta,yuksek,3,2,buyuk,yuksek,kabuledilemez
orta,yuksek,3,4,kucuk,dusuk,kabuledilemez
orta,yuksek,3,4,kucuk,orta,kabuledilemez
orta,yuksek,3,4,kucuk,yuksek,kabuledilebilir
orta,yuksek,3,4,orta,dusuk,kabuledilemez
orta,yuksek,3,4,orta,orta,kabuledilemez
orta,yuksek,3,4,orta,yuksek,kabuledilebilir
orta,yuksek,3,4,buyuk,dusuk,kabuledilemez
orta,yuksek,3,4,buyuk,orta,kabuledilebilir
orta,yuksek,3,4,buyuk,yuksek,kabuledilebilir
orta,yuksek,3,5,kucuk,dusuk,kabuledilemez
orta,yuksek,3,5,kucuk,orta,kabuledilemez
orta,yuksek,3,5,kucuk,yuksek,kabuledilebilir
orta,yuksek,3,5,orta,dusuk,kabuledilemez
orta,yuksek,3,5,orta,orta,kabuledilebilir
orta,yuksek,3,5,orta,yuksek,kabuledilebilir
orta,yuksek,3,5,buyuk,dusuk,kabuledilemez
orta,yuksek,3,5,buyuk,orta,kabuledilebilir
orta,yuksek,3,5,buyuk,yuksek,kabuledilebilir
orta,yuksek,4,2,kucuk,dusuk,kabuledilemez
orta,yuksek,4,2,kucuk,orta,kabuledilemez
orta,yuksek,4,2,kucuk,yuksek,kabuledilemez
orta,yuksek,4,2,orta,dusuk,kabuledilemez
orta,yuksek,4,2,orta,orta,kabuledilemez
orta,yuksek,4,2,orta,yuksek,kabuledilemez
orta,yuksek,4,2,buyuk,dusuk,kabuledilemez
orta,yuksek,4,2,buyuk,orta,kabuledilemez
orta,yuksek,4,2,buyuk,yuksek,kabuledilemez
orta,yuksek,4,4,kucuk,dusuk,kabuledilemez
orta,yuksek,4,4,kucuk,orta,kabuledilemez
orta,yuksek,4,4,kucuk,yuksek,kabuledilebilir
orta,yuksek,4,4,orta,dusuk,kabuledilemez
orta,yuksek,4,4,orta,orta,kabuledilebilir
orta,yuksek,4,4,orta,yuksek,kabuledilebilir
orta,yuksek,4,4,buyuk,dusuk,kabuledilemez
orta,yuksek,4,4,buyuk,orta,kabuledilebilir
orta,yuksek,4,4,buyuk,yuksek,kabuledilebilir
orta,yuksek,4,5,kucuk,dusuk,kabuledilemez
orta,yuksek,4,5,kucuk,orta,kabuledilemez
orta,yuksek,4,5,kucuk,yuksek,kabuledilebilir
orta,yuksek,4,5,orta,dusuk,kabuledilemez
orta,yuksek,4,5,orta,orta,kabuledilebilir
orta,yuksek,4,5,orta,yuksek,kabuledilebilir
orta,yuksek,4,5,buyuk,dusuk,kabuledilemez
orta,yuksek,4,5,buyuk,orta,kabuledilebilir
orta,yuksek,4,5,buyuk,yuksek,kabuledilebilir
orta,yuksek,5,2,kucuk,dusuk,kabuledilemez
orta,yuksek,5,2,kucuk,orta,kabuledilemez
orta,yuksek,5,2,kucuk,yuksek,kabuledilemez
orta,yuksek,5,2,orta,dusuk,kabuledilemez
orta,yuksek,5,2,orta,orta,kabuledilemez
orta,yuksek,5,2,orta,yuksek,kabuledilemez
orta,yuksek,5,2,buyuk,dusuk,kabuledilemez
orta,yuksek,5,2,buyuk,orta,kabuledilemez
orta,yuksek,5,2,buyuk,yuksek,kabuledilemez
orta,yuksek,5,4,kucuk,dusuk,kabuledilemez
orta,yuksek,5,4,kucuk,orta,kabuledilemez
orta,yuksek,5,4,kucuk,yuksek,kabuledilebilir
orta,yuksek,5,4,orta,dusuk,kabuledilemez
orta,yuksek,5,4,orta,orta,kabuledilebilir
orta,yuksek,5,4,orta,yuksek,kabuledilebilir
orta,yuksek,5,4,buyuk,dusuk,kabuledilemez
orta,yuksek,5,4,buyuk,orta,kabuledilebilir
orta,yuksek,5,4,buyuk,yuksek,kabuledilebilir
orta,yuksek,5,5,kucuk,dusuk,kabuledilemez
orta,yuksek,5,5,kucuk,orta,kabuledilemez
orta,yuksek,5,5,kucuk,yuksek,kabuledilebilir
orta,yuksek,5,5,orta,dusuk,kabuledilemez
orta,yuksek,5,5,orta,orta,kabuledilebilir
orta,yuksek,5,5,orta,yuksek,kabuledilebilir
orta,yuksek,5,5,buyuk,dusuk,kabuledilemez
orta,yuksek,5,5,buyuk,orta,kabuledilebilir
orta,yuksek,5,5,buyuk,yuksek,kabuledilebilir
orta,orta,2,2,kucuk,dusuk,kabuledilemez
orta,orta,2,2,kucuk,orta,kabuledilemez
orta,orta,2,2,kucuk,yuksek,kabuledilemez
orta,orta,2,2,orta,dusuk,kabuledilemez
orta,orta,2,2,orta,orta,kabuledilemez
orta,orta,2,2,orta,yuksek,kabuledilemez
orta,orta,2,2,buyuk,dusuk,kabuledilemez
orta,orta,2,2,buyuk,orta,kabuledilemez
orta,orta,2,2,buyuk,yuksek,kabuledilemez
orta,orta,2,4,kucuk,dusuk,kabuledilemez
orta,orta,2,4,kucuk,orta,kabuledilebilir
orta,orta,2,4,kucuk,yuksek,kabuledilebilir
orta,orta,2,4,orta,dusuk,kabuledilemez
orta,orta,2,4,orta,orta,kabuledilebilir
orta,orta,2,4,orta,yuksek,kabuledilebilir
orta,orta,2,4,buyuk,dusuk,kabuledilemez
orta,orta,2,4,buyuk,orta,kabuledilebilir
orta,orta,2,4,buyuk,yuksek,cokiyi
orta,orta,2,5,kucuk,dusuk,kabuledilemez
orta,orta,2,5,kucuk,orta,kabuledilemez
orta,orta,2,5,kucuk,yuksek,kabuledilemez
orta,orta,2,5,orta,dusuk,kabuledilemez
orta,orta,2,5,orta,orta,kabuledilebilir
orta,orta,2,5,orta,yuksek,kabuledilebilir
orta,orta,2,5,buyuk,dusuk,kabuledilemez
orta,orta,2,5,buyuk,orta,kabuledilebilir
orta,orta,2,5,buyuk,yuksek,cokiyi
orta,orta,3,2,kucuk,dusuk,kabuledilemez
orta,orta,3,2,kucuk,orta,kabuledilemez
orta,orta,3,2,kucuk,yuksek,kabuledilemez
orta,orta,3,2,orta,dusuk,kabuledilemez
orta,orta,3,2,orta,orta,kabuledilemez
orta,orta,3,2,orta,yuksek,kabuledilemez
orta,orta,3,2,buyuk,dusuk,kabuledilemez
orta,orta,3,2,buyuk,orta,kabuledilemez
orta,orta,3,2,buyuk,yuksek,kabuledilemez
orta,orta,3,4,kucuk,dusuk,kabuledilemez
orta,orta,3,4,kucuk,orta,kabuledilebilir
orta,orta,3,4,kucuk,yuksek,kabuledilebilir
orta,orta,3,4,orta,dusuk,kabuledilemez
orta,orta,3,4,orta,orta,kabuledilebilir
orta,orta,3,4,orta,yuksek,kabuledilebilir
orta,orta,3,4,buyuk,dusuk,kabuledilemez
orta,orta,3,4,buyuk,orta,kabuledilebilir
orta,orta,3,4,buyuk,yuksek,cokiyi
orta,orta,3,5,kucuk,dusuk,kabuledilemez
orta,orta,3,5,kucuk,orta,kabuledilebilir
orta,orta,3,5,kucuk,yuksek,kabuledilebilir
orta,orta,3,5,orta,dusuk,kabuledilemez
orta,orta,3,5,orta,orta,kabuledilebilir
orta,orta,3,5,orta,yuksek,cokiyi
orta,orta,3,5,buyuk,dusuk,kabuledilemez
orta,orta,3,5,buyuk,orta,kabuledilebilir
orta,orta,3,5,buyuk,yuksek,cokiyi
orta,orta,4,2,kucuk,dusuk,kabuledilemez
orta,orta,4,2,kucuk,orta,kabuledilemez
orta,orta,4,2,kucuk,yuksek,kabuledilemez
orta,orta,4,2,orta,dusuk,kabuledilemez
orta,orta,4,2,orta,orta,kabuledilemez
orta,orta,4,2,orta,yuksek,kabuledilemez
orta,orta,4,2,buyuk,dusuk,kabuledilemez
orta,orta,4,2,buyuk,orta,kabuledilemez
orta,orta,4,2,buyuk,yuksek,kabuledilemez
orta,orta,4,4,kucuk,dusuk,kabuledilemez
orta,orta,4,4,kucuk,orta,kabuledilebilir
orta,orta,4,4,kucuk,yuksek,kabuledilebilir
orta,orta,4,4,orta,dusuk,kabuledilemez
orta,orta,4,4,orta,orta,kabuledilebilir
orta,orta,4,4,orta,yuksek,cokiyi
orta,orta,4,4,buyuk,dusuk,kabuledilemez
orta,orta,4,4,buyuk,orta,kabuledilebilir
orta,orta,4,4,buyuk,yuksek,cokiyi
orta,orta,4,5,kucuk,dusuk,kabuledilemez
orta,orta,4,5,kucuk,orta,kabuledilebilir
orta,orta,4,5,kucuk,yuksek,kabuledilebilir
orta,orta,4,5,orta,dusuk,kabuledilemez
orta,orta,4,5,orta,orta,kabuledilebilir
orta,orta,4,5,orta,yuksek,cokiyi
orta,orta,4,5,buyuk,dusuk,kabuledilemez
orta,orta,4,5,buyuk,orta,kabuledilebilir
orta,orta,4,5,buyuk,yuksek,cokiyi
orta,orta,5,2,kucuk,dusuk,kabuledilemez
orta,orta,5,2,kucuk,orta,kabuledilemez
orta,orta,5,2,kucuk,yuksek,kabuledilemez
orta,orta,5,2,orta,dusuk,kabuledilemez
orta,orta,5,2,orta,orta,kabuledilemez
orta,orta,5,2,orta,yuksek,kabuledilemez
orta,orta,5,2,buyuk,dusuk,kabuledilemez
orta,orta,5,2,buyuk,orta,kabuledilemez
orta,orta,5,2,buyuk,yuksek,kabuledilemez
orta,orta,5,4,kucuk,dusuk,kabuledilemez
orta,orta,5,4,kucuk,orta,kabuledilebilir
orta,orta,5,4,kucuk,yuksek,kabuledilebilir
orta,orta,5,4,orta,dusuk,kabuledilemez
orta,orta,5,4,orta,orta,kabuledilebilir
orta,orta,5,4,orta,yuksek,cokiyi
orta,orta,5,4,buyuk,dusuk,kabuledilemez
orta,orta,5,4,buyuk,orta,kabuledilebilir
orta,orta,5,4,buyuk,yuksek,cokiyi
orta,orta,5,5,kucuk,dusuk,kabuledilemez
orta,orta,5,5,kucuk,orta,kabuledilebilir
orta,orta,5,5,kucuk,yuksek,kabuledilebilir
orta,orta,5,5,orta,dusuk,kabuledilemez
orta,orta,5,5,orta,orta,kabuledilebilir
orta,orta,5,5,orta,yuksek,cokiyi
orta,orta,5,5,buyuk,dusuk,kabuledilemez
orta,orta,5,5,buyuk,orta,kabuledilebilir
orta,orta,5,5,buyuk,yuksek,cokiyi
orta,dusuk,2,2,kucuk,dusuk,kabuledilemez
orta,dusuk,2,2,kucuk,orta,kabuledilemez
orta,dusuk,2,2,kucuk,yuksek,kabuledilemez
orta,dusuk,2,2,orta,dusuk,kabuledilemez
orta,dusuk,2,2,orta,orta,kabuledilemez
orta,dusuk,2,2,orta,yuksek,kabuledilemez
orta,dusuk,2,2,buyuk,dusuk,kabuledilemez
orta,dusuk,2,2,buyuk,orta,kabuledilemez
orta,dusuk,2,2,buyuk,yuksek,kabuledilemez
orta,dusuk,2,4,kucuk,dusuk,kabuledilemez
orta,dusuk,2,4,kucuk,orta,kabuledilebilir
orta,dusuk,2,4,kucuk,yuksek,iyi
orta,dusuk,2,4,orta,dusuk,kabuledilemez
orta,dusuk,2,4,orta,orta,kabuledilebilir
orta,dusuk,2,4,orta,yuksek,iyi
orta,dusuk,2,4,buyuk,dusuk,kabuledilemez
orta,dusuk,2,4,buyuk,orta,iyi
orta,dusuk,2,4,buyuk,yuksek,cokiyi
orta,dusuk,2,5,kucuk,dusuk,kabuledilemez
orta,dusuk,2,5,kucuk,orta,kabuledilemez
orta,dusuk,2,5,kucuk,yuksek,kabuledilemez
orta,dusuk,2,5,orta,dusuk,kabuledilemez
orta,dusuk,2,5,orta,orta,kabuledilebilir
orta,dusuk,2,5,orta,yuksek,iyi
orta,dusuk,2,5,buyuk,dusuk,kabuledilemez
orta,dusuk,2,5,buyuk,orta,iyi
orta,dusuk,2,5,buyuk,yuksek,cokiyi
orta,dusuk,3,2,kucuk,dusuk,kabuledilemez
orta,dusuk,3,2,kucuk,orta,kabuledilemez
orta,dusuk,3,2,kucuk,yuksek,kabuledilemez
orta,dusuk,3,2,orta,dusuk,kabuledilemez
orta,dusuk,3,2,orta,orta,kabuledilemez
orta,dusuk,3,2,orta,yuksek,kabuledilemez
orta,dusuk,3,2,buyuk,dusuk,kabuledilemez
orta,dusuk,3,2,buyuk,orta,kabuledilemez
orta,dusuk,3,2,buyuk,yuksek,kabuledilemez
orta,dusuk,3,4,kucuk,dusuk,kabuledilemez
orta,dusuk,3,4,kucuk,orta,kabuledilebilir
orta,dusuk,3,4,kucuk,yuksek,iyi
orta,dusuk,3,4,orta,dusuk,kabuledilemez
orta,dusuk,3,4,orta,orta,kabuledilebilir
orta,dusuk,3,4,orta,yuksek,iyi
orta,dusuk,3,4,buyuk,dusuk,kabuledilemez
orta,dusuk,3,4,buyuk,orta,iyi
orta,dusuk,3,4,buyuk,yuksek,cokiyi
orta,dusuk,3,5,kucuk,dusuk,kabuledilemez
orta,dusuk,3,5,kucuk,orta,kabuledilebilir
orta,dusuk,3,5,kucuk,yuksek,iyi
orta,dusuk,3,5,orta,dusuk,kabuledilemez
orta,dusuk,3,5,orta,orta,iyi
orta,dusuk,3,5,orta,yuksek,cokiyi
orta,dusuk,3,5,buyuk,dusuk,kabuledilemez
orta,dusuk,3,5,buyuk,orta,iyi
orta,dusuk,3,5,buyuk,yuksek,cokiyi
orta,dusuk,4,2,kucuk,dusuk,kabuledilemez
orta,dusuk,4,2,kucuk,orta,kabuledilemez
orta,dusuk,4,2,kucuk,yuksek,kabuledilemez
orta,dusuk,4,2,orta,dusuk,kabuledilemez
orta,dusuk,4,2,orta,orta,kabuledilemez
orta,dusuk,4,2,orta,yuksek,kabuledilemez
orta,dusuk,4,2,buyuk,dusuk,kabuledilemez
orta,dusuk,4,2,buyuk,orta,kabuledilemez
orta,dusuk,4,2,buyuk,yuksek,kabuledilemez
orta,dusuk,4,4,kucuk,dusuk,kabuledilemez
orta,dusuk,4,4,kucuk,orta,kabuledilebilir
orta,dusuk,4,4,kucuk,yuksek,iyi
orta,dusuk,4,4,orta,dusuk,kabuledilemez
orta,dusuk,4,4,orta,orta,iyi
orta,dusuk,4,4,orta,yuksek,cokiyi
orta,dusuk,4,4,buyuk,dusuk,kabuledilemez
orta,dusuk,4,4,buyuk,orta,iyi
orta,dusuk,4,4,buyuk,yuksek,cokiyi
orta,dusuk,4,5,kucuk,dusuk,kabuledilemez
orta,dusuk,4,5,kucuk,orta,kabuledilebilir
orta,dusuk,4,5,kucuk,yuksek,iyi
orta,dusuk,4,5,orta,dusuk,kabuledilemez
orta,dusuk,4,5,orta,orta,iyi
orta,dusuk,4,5,orta,yuksek,cokiyi
orta,dusuk,4,5,buyuk,dusuk,kabuledilemez
orta,dusuk,4,5,buyuk,orta,iyi
orta,dusuk,4,5,buyuk,yuksek,cokiyi
orta,dusuk,5,2,kucuk,dusuk,kabuledilemez
orta,dusuk,5,2,kucuk,orta,kabuledilemez
orta,dusuk,5,2,kucuk,yuksek,kabuledilemez
orta,dusuk,5,2,orta,dusuk,kabuledilemez
orta,dusuk,5,2,orta,orta,kabuledilemez
orta,dusuk,5,2,orta,yuksek,kabuledilemez
orta,dusuk,5,2,buyuk,dusuk,kabuledilemez
orta,dusuk,5,2,buyuk,orta,kabuledilemez
orta,dusuk,5,2,buyuk,yuksek,kabuledilemez
orta,dusuk,5,4,kucuk,dusuk,kabuledilemez
orta,dusuk,5,4,kucuk,orta,kabuledilebilir
orta,dusuk,5,4,kucuk,yuksek,iyi
orta,dusuk,5,4,orta,dusuk,kabuledilemez
orta,dusuk,5,4,orta,orta,iyi
orta,dusuk,5,4,orta,yuksek,cokiyi
orta,dusuk,5,4,buyuk,dusuk,kabuledilemez
orta,dusuk,5,4,buyuk,orta,iyi
orta,dusuk,5,4,buyuk,yuksek,cokiyi
orta,dusuk,5,5,kucuk,dusuk,kabuledilemez
orta,dusuk,5,5,kucuk,orta,kabuledilebilir
orta,dusuk,5,5,kucuk,yuksek,iyi
orta,dusuk,5,5,orta,dusuk,kabuledilemez
orta,dusuk,5,5,orta,orta,iyi
orta,dusuk,5,5,orta,yuksek,cokiyi
orta,dusuk,5,5,buyuk,dusuk,kabuledilemez
orta,dusuk,5,5,buyuk,orta,iyi
orta,dusuk,5,5,buyuk,yuksek,cokiyi
dusuk,cokyuksek,2,2,kucuk,dusuk,kabuledilemez
dusuk,cokyuksek,2,2,kucuk,orta,kabuledilemez
dusuk,cokyuksek,2,2,kucuk,yuksek,kabuledilemez
dusuk,cokyuksek,2,2,orta,dusuk,kabuledilemez
dusuk,cokyuksek,2,2,orta,orta,kabuledilemez
dusuk,cokyuksek,2,2,orta,yuksek,kabuledilemez
dusuk,cokyuksek,2,2,buyuk,dusuk,kabuledilemez
dusuk,cokyuksek,2,2,buyuk,orta,kabuledilemez
dusuk,cokyuksek,2,2,buyuk,yuksek,kabuledilemez
dusuk,cokyuksek,2,4,kucuk,dusuk,kabuledilemez
dusuk,cokyuksek,2,4,kucuk,orta,kabuledilemez
dusuk,cokyuksek,2,4,kucuk,yuksek,kabuledilebilir
dusuk,cokyuksek,2,4,orta,dusuk,kabuledilemez
dusuk,cokyuksek,2,4,orta,orta,kabuledilemez
dusuk,cokyuksek,2,4,orta,yuksek,kabuledilebilir
dusuk,cokyuksek,2,4,buyuk,dusuk,kabuledilemez
dusuk,cokyuksek,2,4,buyuk,orta,kabuledilebilir
dusuk,cokyuksek,2,4,buyuk,yuksek,kabuledilebilir
dusuk,cokyuksek,2,5,kucuk,dusuk,kabuledilemez
dusuk,cokyuksek,2,5,kucuk,orta,kabuledilemez
dusuk,cokyuksek,2,5,kucuk,yuksek,kabuledilemez
dusuk,cokyuksek,2,5,orta,dusuk,kabuledilemez
dusuk,cokyuksek,2,5,orta,orta,kabuledilemez
dusuk,cokyuksek,2,5,orta,yuksek,kabuledilebilir
dusuk,cokyuksek,2,5,buyuk,dusuk,kabuledilemez
dusuk,cokyuksek,2,5,buyuk,orta,kabuledilebilir
dusuk,cokyuksek,2,5,buyuk,yuksek,kabuledilebilir
dusuk,cokyuksek,3,2,kucuk,dusuk,kabuledilemez
dusuk,cokyuksek,3,2,kucuk,orta,kabuledilemez
dusuk,cokyuksek,3,2,kucuk,yuksek,kabuledilemez
dusuk,cokyuksek,3,2,orta,dusuk,kabuledilemez
dusuk,cokyuksek,3,2,orta,orta,kabuledilemez
dusuk,cokyuksek,3,2,orta,yuksek,kabuledilemez
dusuk,cokyuksek,3,2,buyuk,dusuk,kabuledilemez
dusuk,cokyuksek,3,2,buyuk,orta,kabuledilemez
dusuk,cokyuksek,3,2,buyuk,yuksek,kabuledilemez
dusuk,cokyuksek,3,4,kucuk,dusuk,kabuledilemez
dusuk,cokyuksek,3,4,kucuk,orta,kabuledilemez
dusuk,cokyuksek,3,4,kucuk,yuksek,kabuledilebilir
dusuk,cokyuksek,3,4,orta,dusuk,kabuledilemez
dusuk,cokyuksek,3,4,orta,orta,kabuledilemez
dusuk,cokyuksek,3,4,orta,yuksek,kabuledilebilir
dusuk,cokyuksek,3,4,buyuk,dusuk,kabuledilemez
dusuk,cokyuksek,3,4,buyuk,orta,kabuledilebilir
dusuk,cokyuksek,3,4,buyuk,yuksek,kabuledilebilir
dusuk,cokyuksek,3,5,kucuk,dusuk,kabuledilemez
dusuk,cokyuksek,3,5,kucuk,orta,kabuledilemez
dusuk,cokyuksek,3,5,kucuk,yuksek,kabuledilebilir
dusuk,cokyuksek,3,5,orta,dusuk,kabuledilemez
dusuk,cokyuksek,3,5,orta,orta,kabuledilebilir
dusuk,cokyuksek,3,5,orta,yuksek,kabuledilebilir
dusuk,cokyuksek,3,5,buyuk,dusuk,kabuledilemez
dusuk,cokyuksek,3,5,buyuk,orta,kabuledilebilir
dusuk,cokyuksek,3,5,buyuk,yuksek,kabuledilebilir
dusuk,cokyuksek,4,2,kucuk,dusuk,kabuledilemez
dusuk,cokyuksek,4,2,kucuk,orta,kabuledilemez
dusuk,cokyuksek,4,2,kucuk,yuksek,kabuledilemez
dusuk,cokyuksek,4,2,orta,dusuk,kabuledilemez
dusuk,cokyuksek,4,2,orta,orta,kabuledilemez
dusuk,cokyuksek,4,2,orta,yuksek,kabuledilemez
dusuk,cokyuksek,4,2,buyuk,dusuk,kabuledilemez
dusuk,cokyuksek,4,2,buyuk,orta,kabuledilemez
dusuk,cokyuksek,4,2,buyuk,yuksek,kabuledilemez
dusuk,cokyuksek,4,4,kucuk,dusuk,kabuledilemez
dusuk,cokyuksek,4,4,kucuk,orta,kabuledilemez
dusuk,cokyuksek,4,4,kucuk,yuksek,kabuledilebilir
dusuk,cokyuksek,4,4,orta,dusuk,kabuledilemez
dusuk,cokyuksek,4,4,orta,orta,kabuledilebilir
dusuk,cokyuksek,4,4,orta,yuksek,kabuledilebilir
dusuk,cokyuksek,4,4,buyuk,dusuk,kabuledilemez
dusuk,cokyuksek,4,4,buyuk,orta,kabuledilebilir
dusuk,cokyuksek,4,4,buyuk,yuksek,kabuledilebilir
dusuk,cokyuksek,4,5,kucuk,dusuk,kabuledilemez
dusuk,cokyuksek,4,5,kucuk,orta,kabuledilemez
dusuk,cokyuksek,4,5,kucuk,yuksek,kabuledilebilir
dusuk,cokyuksek,4,5,orta,dusuk,kabuledilemez
dusuk,cokyuksek,4,5,orta,orta,kabuledilebilir
dusuk,cokyuksek,4,5,orta,yuksek,kabuledilebilir
dusuk,cokyuksek,4,5,buyuk,dusuk,kabuledilemez
dusuk,cokyuksek,4,5,buyuk,orta,kabuledilebilir
dusuk,cokyuksek,4,5,buyuk,yuksek,kabuledilebilir
dusuk,cokyuksek,5,2,kucuk,dusuk,kabuledilemez
dusuk,cokyuksek,5,2,kucuk,orta,kabuledilemez
dusuk,cokyuksek,5,2,kucuk,yuksek,kabuledilemez
dusuk,cokyuksek,5,2,orta,dusuk,kabuledilemez
dusuk,cokyuksek,5,2,orta,orta,kabuledilemez
dusuk,cokyuksek,5,2,orta,yuksek,kabuledilemez
dusuk,cokyuksek,5,2,buyuk,dusuk,kabuledilemez
dusuk,cokyuksek,5,2,buyuk,orta,kabuledilemez
dusuk,cokyuksek,5,2,buyuk,yuksek,kabuledilemez
dusuk,cokyuksek,5,4,kucuk,dusuk,kabuledilemez
dusuk,cokyuksek,5,4,kucuk,orta,kabuledilemez
dusuk,cokyuksek,5,4,kucuk,yuksek,kabuledilebilir
dusuk,cokyuksek,5,4,orta,dusuk,kabuledilemez
dusuk,cokyuksek,5,4,orta,orta,kabuledilebilir
dusuk,cokyuksek,5,4,orta,yuksek,kabuledilebilir
dusuk,cokyuksek,5,4,buyuk,dusuk,kabuledilemez
dusuk,cokyuksek,5,4,buyuk,orta,kabuledilebilir
dusuk,cokyuksek,5,4,buyuk,yuksek,kabuledilebilir
dusuk,cokyuksek,5,5,kucuk,dusuk,kabuledilemez
dusuk,cokyuksek,5,5,kucuk,orta,kabuledilemez
dusuk,cokyuksek,5,5,kucuk,yuksek,kabuledilebilir
dusuk,cokyuksek,5,5,orta,dusuk,kabuledilemez
dusuk,cokyuksek,5,5,orta,orta,kabuledilebilir
dusuk,cokyuksek,5,5,orta,yuksek,kabuledilebilir
dusuk,cokyuksek,5,5,buyuk,dusuk,kabuledilemez
dusuk,cokyuksek,5,5,buyuk,orta,kabuledilebilir
dusuk,cokyuksek,5,5,buyuk,yuksek,kabuledilebilir
dusuk,yuksek,2,2,kucuk,dusuk,kabuledilemez
dusuk,yuksek,2,2,kucuk,orta,kabuledilemez
dusuk,yuksek,2,2,kucuk,yuksek,kabuledilemez
dusuk,yuksek,2,2,orta,dusuk,kabuledilemez
dusuk,yuksek,2,2,orta,orta,kabuledilemez
dusuk,yuksek,2,2,orta,yuksek,kabuledilemez
dusuk,yuksek,2,2,buyuk,dusuk,kabuledilemez
dusuk,yuksek,2,2,buyuk,orta,kabuledilemez
dusuk,yuksek,2,2,buyuk,yuksek,kabuledilemez
dusuk,yuksek,2,4,kucuk,dusuk,kabuledilemez
dusuk,yuksek,2,4,kucuk,orta,kabuledilebilir
dusuk,yuksek,2,4,kucuk,yuksek,kabuledilebilir
dusuk,yuksek,2,4,orta,dusuk,kabuledilemez
dusuk,yuksek,2,4,orta,orta,kabuledilebilir
dusuk,yuksek,2,4,orta,yuksek,kabuledilebilir
dusuk,yuksek,2,4,buyuk,dusuk,kabuledilemez
dusuk,yuksek,2,4,buyuk,orta,kabuledilebilir
dusuk,yuksek,2,4,buyuk,yuksek,cokiyi
dusuk,yuksek,2,5,kucuk,dusuk,kabuledilemez
dusuk,yuksek,2,5,kucuk,orta,kabuledilemez
dusuk,yuksek,2,5,kucuk,yuksek,kabuledilemez
dusuk,yuksek,2,5,orta,dusuk,kabuledilemez
dusuk,yuksek,2,5,orta,orta,kabuledilebilir
dusuk,yuksek,2,5,orta,yuksek,kabuledilebilir
dusuk,yuksek,2,5,buyuk,dusuk,kabuledilemez
dusuk,yuksek,2,5,buyuk,orta,kabuledilebilir
dusuk,yuksek,2,5,buyuk,yuksek,cokiyi
dusuk,yuksek,3,2,kucuk,dusuk,kabuledilemez
dusuk,yuksek,3,2,kucuk,orta,kabuledilemez
dusuk,yuksek,3,2,kucuk,yuksek,kabuledilemez
dusuk,yuksek,3,2,orta,dusuk,kabuledilemez
dusuk,yuksek,3,2,orta,orta,kabuledilemez
dusuk,yuksek,3,2,orta,yuksek,kabuledilemez
dusuk,yuksek,3,2,buyuk,dusuk,kabuledilemez
dusuk,yuksek,3,2,buyuk,orta,kabuledilemez
dusuk,yuksek,3,2,buyuk,yuksek,kabuledilemez
dusuk,yuksek,3,4,kucuk,dusuk,kabuledilemez
dusuk,yuksek,3,4,kucuk,orta,kabuledilebilir
dusuk,yuksek,3,4,kucuk,yuksek,kabuledilebilir
dusuk,yuksek,3,4,orta,dusuk,kabuledilemez
dusuk,yuksek,3,4,orta,orta,kabuledilebilir
dusuk,yuksek,3,4,orta,yuksek,kabuledilebilir
dusuk,yuksek,3,4,buyuk,dusuk,kabuledilemez
dusuk,yuksek,3,4,buyuk,orta,kabuledilebilir
dusuk,yuksek,3,4,buyuk,yuksek,cokiyi
dusuk,yuksek,3,5,kucuk,dusuk,kabuledilemez
dusuk,yuksek,3,5,kucuk,orta,kabuledilebilir
dusuk,yuksek,3,5,kucuk,yuksek,kabuledilebilir
dusuk,yuksek,3,5,orta,dusuk,kabuledilemez
dusuk,yuksek,3,5,orta,orta,kabuledilebilir
dusuk,yuksek,3,5,orta,yuksek,cokiyi
dusuk,yuksek,3,5,buyuk,dusuk,kabuledilemez
dusuk,yuksek,3,5,buyuk,orta,kabuledilebilir
dusuk,yuksek,3,5,buyuk,yuksek,cokiyi
dusuk,yuksek,4,2,kucuk,dusuk,kabuledilemez
dusuk,yuksek,4,2,kucuk,orta,kabuledilemez
dusuk,yuksek,4,2,kucuk,yuksek,kabuledilemez
dusuk,yuksek,4,2,orta,dusuk,kabuledilemez
dusuk,yuksek,4,2,orta,orta,kabuledilemez
dusuk,yuksek,4,2,orta,yuksek,kabuledilemez
dusuk,yuksek,4,2,buyuk,dusuk,kabuledilemez
dusuk,yuksek,4,2,buyuk,orta,kabuledilemez
dusuk,yuksek,4,2,buyuk,yuksek,kabuledilemez
dusuk,yuksek,4,4,kucuk,dusuk,kabuledilemez
dusuk,yuksek,4,4,kucuk,orta,kabuledilebilir
dusuk,yuksek,4,4,kucuk,yuksek,kabuledilebilir
dusuk,yuksek,4,4,orta,dusuk,kabuledilemez
dusuk,yuksek,4,4,orta,orta,kabuledilebilir
dusuk,yuksek,4,4,orta,yuksek,cokiyi
dusuk,yuksek,4,4,buyuk,dusuk,kabuledilemez
dusuk,yuksek,4,4,buyuk,orta,kabuledilebilir
dusuk,yuksek,4,4,buyuk,yuksek,cokiyi
dusuk,yuksek,4,5,kucuk,dusuk,kabuledilemez
dusuk,yuksek,4,5,kucuk,orta,kabuledilebilir
dusuk,yuksek,4,5,kucuk,yuksek,kabuledilebilir
dusuk,yuksek,4,5,orta,dusuk,kabuledilemez
dusuk,yuksek,4,5,orta,orta,kabuledilebilir
dusuk,yuksek,4,5,orta,yuksek,cokiyi
dusuk,yuksek,4,5,buyuk,dusuk,kabuledilemez
dusuk,yuksek,4,5,buyuk,orta,kabuledilebilir
dusuk,yuksek,4,5,buyuk,yuksek,cokiyi
dusuk,yuksek,5,2,kucuk,dusuk,kabuledilemez
dusuk,yuksek,5,2,kucuk,orta,kabuledilemez
dusuk,yuksek,5,2,kucuk,yuksek,kabuledilemez
dusuk,yuksek,5,2,orta,dusuk,kabuledilemez
dusuk,yuksek,5,2,orta,orta,kabuledilemez
dusuk,yuksek,5,2,orta,yuksek,kabuledilemez
dusuk,yuksek,5,2,buyuk,dusuk,kabuledilemez
dusuk,yuksek,5,2,buyuk,orta,kabuledilemez
dusuk,yuksek,5,2,buyuk,yuksek,kabuledilemez
dusuk,yuksek,5,4,kucuk,dusuk,kabuledilemez
dusuk,yuksek,5,4,kucuk,orta,kabuledilebilir
dusuk,yuksek,5,4,kucuk,yuksek,kabuledilebilir
dusuk,yuksek,5,4,orta,dusuk,kabuledilemez
dusuk,yuksek,5,4,orta,orta,kabuledilebilir
dusuk,yuksek,5,4,orta,yuksek,cokiyi
dusuk,yuksek,5,4,buyuk,dusuk,kabuledilemez
dusuk,yuksek,5,4,buyuk,orta,kabuledilebilir
dusuk,yuksek,5,4,buyuk,yuksek,cokiyi
dusuk,yuksek,5,5,kucuk,dusuk,kabuledilemez
dusuk,yuksek,5,5,kucuk,orta,kabuledilebilir
dusuk,yuksek,5,5,kucuk,yuksek,kabuledilebilir
dusuk,yuksek,5,5,orta,dusuk,kabuledilemez
dusuk,yuksek,5,5,orta,orta,kabuledilebilir
dusuk,yuksek,5,5,orta,yuksek,cokiyi
dusuk,yuksek,5,5,buyuk,dusuk,kabuledilemez
dusuk,yuksek,5,5,buyuk,orta,kabuledilebilir
dusuk,yuksek,5,5,buyuk,yuksek,cokiyi
dusuk,orta,2,2,kucuk,dusuk,kabuledilemez
dusuk,orta,2,2,kucuk,orta,kabuledilemez
dusuk,orta,2,2,kucuk,yuksek,kabuledilemez
dusuk,orta,2,2,orta,dusuk,kabuledilemez
dusuk,orta,2,2,orta,orta,kabuledilemez
dusuk,orta,2,2,orta,yuksek,kabuledilemez
dusuk,orta,2,2,buyuk,dusuk,kabuledilemez
dusuk,orta,2,2,buyuk,orta,kabuledilemez
dusuk,orta,2,2,buyuk,yuksek,kabuledilemez
dusuk,orta,2,4,kucuk,dusuk,kabuledilemez
dusuk,orta,2,4,kucuk,orta,kabuledilebilir
dusuk,orta,2,4,kucuk,yuksek,iyi
dusuk,orta,2,4,orta,dusuk,kabuledilemez
dusuk,orta,2,4,orta,orta,kabuledilebilir
dusuk,orta,2,4,orta,yuksek,iyi
dusuk,orta,2,4,buyuk,dusuk,kabuledilemez
dusuk,orta,2,4,buyuk,orta,iyi
dusuk,orta,2,4,buyuk,yuksek,cokiyi
dusuk,orta,2,5,kucuk,dusuk,kabuledilemez
dusuk,orta,2,5,kucuk,orta,kabuledilemez
dusuk,orta,2,5,kucuk,yuksek,kabuledilemez
dusuk,orta,2,5,orta,dusuk,kabuledilemez
dusuk,orta,2,5,orta,orta,kabuledilebilir
dusuk,orta,2,5,orta,yuksek,iyi
dusuk,orta,2,5,buyuk,dusuk,kabuledilemez
dusuk,orta,2,5,buyuk,orta,iyi
dusuk,orta,2,5,buyuk,yuksek,cokiyi
dusuk,orta,3,2,kucuk,dusuk,kabuledilemez
dusuk,orta,3,2,kucuk,orta,kabuledilemez
dusuk,orta,3,2,kucuk,yuksek,kabuledilemez
dusuk,orta,3,2,orta,dusuk,kabuledilemez
dusuk,orta,3,2,orta,orta,kabuledilemez
dusuk,orta,3,2,orta,yuksek,kabuledilemez
dusuk,orta,3,2,buyuk,dusuk,kabuledilemez
dusuk,orta,3,2,buyuk,orta,kabuledilemez
dusuk,orta,3,2,buyuk,yuksek,kabuledilemez
dusuk,orta,3,4,kucuk,dusuk,kabuledilemez
dusuk,orta,3,4,kucuk,orta,kabuledilebilir
dusuk,orta,3,4,kucuk,yuksek,iyi
dusuk,orta,3,4,orta,dusuk,kabuledilemez
dusuk,orta,3,4,orta,orta,kabuledilebilir
dusuk,orta,3,4,orta,yuksek,iyi
dusuk,orta,3,4,buyuk,dusuk,kabuledilemez
dusuk,orta,3,4,buyuk,orta,iyi
dusuk,orta,3,4,buyuk,yuksek,cokiyi
dusuk,orta,3,5,kucuk,dusuk,kabuledilemez
dusuk,orta,3,5,kucuk,orta,kabuledilebilir
dusuk,orta,3,5,kucuk,yuksek,iyi
dusuk,orta,3,5,orta,dusuk,kabuledilemez
dusuk,orta,3,5,orta,orta,iyi
dusuk,orta,3,5,orta,yuksek,cokiyi
dusuk,orta,3,5,buyuk,dusuk,kabuledilemez
dusuk,orta,3,5,buyuk,orta,iyi
dusuk,orta,3,5,buyuk,yuksek,cokiyi
dusuk,orta,4,2,kucuk,dusuk,kabuledilemez
dusuk,orta,4,2,kucuk,orta,kabuledilemez
dusuk,orta,4,2,kucuk,yuksek,kabuledilemez
dusuk,orta,4,2,orta,dusuk,kabuledilemez
dusuk,orta,4,2,orta,orta,kabuledilemez
dusuk,orta,4,2,orta,yuksek,kabuledilemez
dusuk,orta,4,2,buyuk,dusuk,kabuledilemez
dusuk,orta,4,2,buyuk,orta,kabuledilemez
dusuk,orta,4,2,buyuk,yuksek,kabuledilemez
dusuk,orta,4,4,kucuk,dusuk,kabuledilemez
dusuk,orta,4,4,kucuk,orta,kabuledilebilir
dusuk,orta,4,4,kucuk,yuksek,iyi
dusuk,orta,4,4,orta,dusuk,kabuledilemez
dusuk,orta,4,4,orta,orta,iyi
dusuk,orta,4,4,orta,yuksek,cokiyi
dusuk,orta,4,4,buyuk,dusuk,kabuledilemez
dusuk,orta,4,4,buyuk,orta,iyi
dusuk,orta,4,4,buyuk,yuksek,cokiyi
dusuk,orta,4,5,kucuk,dusuk,kabuledilemez
dusuk,orta,4,5,kucuk,orta,kabuledilebilir
dusuk,orta,4,5,kucuk,yuksek,iyi
dusuk,orta,4,5,orta,dusuk,kabuledilemez
dusuk,orta,4,5,orta,orta,iyi
dusuk,orta,4,5,orta,yuksek,cokiyi
dusuk,orta,4,5,buyuk,dusuk,kabuledilemez
dusuk,orta,4,5,buyuk,orta,iyi
dusuk,orta,4,5,buyuk,yuksek,cokiyi
dusuk,orta,5,2,kucuk,dusuk,kabuledilemez
dusuk,orta,5,2,kucuk,orta,kabuledilemez
dusuk,orta,5,2,kucuk,yuksek,kabuledilemez
dusuk,orta,5,2,orta,dusuk,kabuledilemez
dusuk,orta,5,2,orta,orta,kabuledilemez
dusuk,orta,5,2,orta,yuksek,kabuledilemez
dusuk,orta,5,2,buyuk,dusuk,kabuledilemez
dusuk,orta,5,2,buyuk,orta,kabuledilemez
dusuk,orta,5,2,buyuk,yuksek,kabuledilemez
dusuk,orta,5,4,kucuk,dusuk,kabuledilemez
dusuk,orta,5,4,kucuk,orta,kabuledilebilir
dusuk,orta,5,4,kucuk,yuksek,iyi
dusuk,orta,5,4,orta,dusuk,kabuledilemez
dusuk,orta,5,4,orta,orta,iyi
dusuk,orta,5,4,orta,yuksek,cokiyi
dusuk,orta,5,4,buyuk,dusuk,kabuledilemez
dusuk,orta,5,4,buyuk,orta,iyi
dusuk,orta,5,4,buyuk,yuksek,cokiyi
dusuk,orta,5,5,kucuk,dusuk,kabuledilemez
dusuk,orta,5,5,kucuk,orta,kabuledilebilir
dusuk,orta,5,5,kucuk,yuksek,iyi
dusuk,orta,5,5,orta,dusuk,kabuledilemez
dusuk,orta,5,5,orta,orta,iyi
dusuk,orta,5,5,orta,yuksek,cokiyi
dusuk,orta,5,5,buyuk,dusuk,kabuledilemez
dusuk,orta,5,5,buyuk,orta,iyi
dusuk,orta,5,5,buyuk,yuksek,cokiyi
dusuk,dusuk,2,2,kucuk,dusuk,kabuledilemez
dusuk,dusuk,2,2,kucuk,orta,kabuledilemez
dusuk,dusuk,2,2,kucuk,yuksek,kabuledilemez
dusuk,dusuk,2,2,orta,dusuk,kabuledilemez
dusuk,dusuk,2,2,orta,orta,kabuledilemez
dusuk,dusuk,2,2,orta,yuksek,kabuledilemez
dusuk,dusuk,2,2,buyuk,dusuk,kabuledilemez
dusuk,dusuk,2,2,buyuk,orta,kabuledilemez
dusuk,dusuk,2,2,buyuk,yuksek,kabuledilemez
dusuk,dusuk,2,4,kucuk,dusuk,kabuledilemez
dusuk,dusuk,2,4,kucuk,orta,kabuledilebilir
dusuk,dusuk,2,4,kucuk,yuksek,iyi
dusuk,dusuk,2,4,orta,dusuk,kabuledilemez
dusuk,dusuk,2,4,orta,orta,kabuledilebilir
dusuk,dusuk,2,4,orta,yuksek,iyi
dusuk,dusuk,2,4,buyuk,dusuk,kabuledilemez
dusuk,dusuk,2,4,buyuk,orta,iyi
dusuk,dusuk,2,4,buyuk,yuksek,cokiyi
dusuk,dusuk,2,5,kucuk,dusuk,kabuledilemez
dusuk,dusuk,2,5,kucuk,orta,kabuledilemez
dusuk,dusuk,2,5,kucuk,yuksek,kabuledilemez
dusuk,dusuk,2,5,orta,dusuk,kabuledilemez
dusuk,dusuk,2,5,orta,orta,kabuledilebilir
dusuk,dusuk,2,5,orta,yuksek,iyi
dusuk,dusuk,2,5,buyuk,dusuk,kabuledilemez
dusuk,dusuk,2,5,buyuk,orta,iyi
dusuk,dusuk,2,5,buyuk,yuksek,cokiyi
dusuk,dusuk,3,2,kucuk,dusuk,kabuledilemez
dusuk,dusuk,3,2,kucuk,orta,kabuledilemez
dusuk,dusuk,3,2,kucuk,yuksek,kabuledilemez
dusuk,dusuk,3,2,orta,dusuk,kabuledilemez
dusuk,dusuk,3,2,orta,orta,kabuledilemez
dusuk,dusuk,3,2,orta,yuksek,kabuledilemez
dusuk,dusuk,3,2,buyuk,dusuk,kabuledilemez
dusuk,dusuk,3,2,buyuk,orta,kabuledilemez
dusuk,dusuk,3,2,buyuk,yuksek,kabuledilemez
dusuk,dusuk,3,4,kucuk,dusuk,kabuledilemez
dusuk,dusuk,3,4,kucuk,orta,kabuledilebilir
dusuk,dusuk,3,4,kucuk,yuksek,iyi
dusuk,dusuk,3,4,orta,dusuk,kabuledilemez
dusuk,dusuk,3,4,orta,orta,kabuledilebilir
dusuk,dusuk,3,4,orta,yuksek,iyi
dusuk,dusuk,3,4,buyuk,dusuk,kabuledilemez
dusuk,dusuk,3,4,buyuk,orta,iyi
dusuk,dusuk,3,4,buyuk,yuksek,cokiyi
dusuk,dusuk,3,5,kucuk,dusuk,kabuledilemez
dusuk,dusuk,3,5,kucuk,orta,kabuledilebilir
dusuk,dusuk,3,5,kucuk,yuksek,cokiyi
dusuk,dusuk,3,5,orta,dusuk,kabuledilemez
dusuk,dusuk,3,5,orta,orta,iyi
dusuk,dusuk,3,5,orta,yuksek,cokiyi
dusuk,dusuk,3,5,buyuk,dusuk,kabuledilemez
dusuk,dusuk,3,5,buyuk,orta,iyi
dusuk,dusuk,3,5,buyuk,yuksek,cokiyi
dusuk,dusuk,4,2,kucuk,dusuk,kabuledilemez
dusuk,dusuk,4,2,kucuk,orta,kabuledilemez
dusuk,dusuk,4,2,kucuk,yuksek,kabuledilemez
dusuk,dusuk,4,2,orta,dusuk,kabuledilemez
dusuk,dusuk,4,2,orta,orta,kabuledilemez
dusuk,dusuk,4,2,orta,yuksek,kabuledilemez
dusuk,dusuk,4,2,buyuk,dusuk,kabuledilemez
dusuk,dusuk,4,2,buyuk,orta,kabuledilemez
dusuk,dusuk,4,2,buyuk,yuksek,kabuledilemez
dusuk,dusuk,4,4,kucuk,dusuk,kabuledilemez
dusuk,dusuk,4,4,kucuk,orta,kabuledilebilir
dusuk,dusuk,4,4,kucuk,yuksek,iyi
dusuk,dusuk,4,4,orta,dusuk,kabuledilemez
dusuk,dusuk,4,4,orta,orta,iyi
dusuk,dusuk,4,4,orta,yuksek,cokiyi
dusuk,dusuk,4,4,buyuk,dusuk,kabuledilemez
dusuk,dusuk,4,4,buyuk,orta,iyi
dusuk,dusuk,4,4,buyuk,yuksek,cokiyi
dusuk,dusuk,4,5,kucuk,dusuk,kabuledilemez
dusuk,dusuk,4,5,kucuk,orta,kabuledilebilir
dusuk,dusuk,4,5,kucuk,yuksek,iyi
dusuk,dusuk,4,5,orta,dusuk,kabuledilemez
dusuk,dusuk,4,5,orta,orta,iyi
dusuk,dusuk,4,5,orta,yuksek,cokiyi
dusuk,dusuk,4,5,buyuk,dusuk,kabuledilemez
dusuk,dusuk,4,5,buyuk,orta,iyi
dusuk,dusuk,4,5,buyuk,yuksek,cokiyi
dusuk,dusuk,5,2,kucuk,dusuk,kabuledilemez
dusuk,dusuk,5,2,kucuk,orta,kabuledilemez
dusuk,dusuk,5,2,kucuk,yuksek,kabuledilemez
dusuk,dusuk,5,2,orta,dusuk,kabuledilemez
dusuk,dusuk,5,2,orta,orta,kabuledilemez
dusuk,dusuk,5,2,orta,yuksek,kabuledilemez
dusuk,dusuk,5,2,buyuk,dusuk,kabuledilemez
dusuk,dusuk,5,2,buyuk,orta,kabuledilemez
dusuk,dusuk,5,2,buyuk,yuksek,kabuledilemez
dusuk,dusuk,5,4,kucuk,dusuk,kabuledilemez
dusuk,dusuk,5,4,kucuk,orta,kabuledilebilir
dusuk,dusuk,5,4,kucuk,yuksek,iyi
dusuk,dusuk,5,4,orta,dusuk,kabuledilemez
dusuk,dusuk,5,4,orta,orta,iyi
dusuk,dusuk,5,4,orta,yuksek,cokiyi
dusuk,dusuk,5,4,buyuk,dusuk,kabuledilemez
dusuk,dusuk,5,4,buyuk,orta,iyi
dusuk,dusuk,5,4,buyuk,yuksek,cokiyi
dusuk,dusuk,5,5,kucuk,dusuk,kabuledilemez
dusuk,dusuk,5,5,kucuk,orta,kabuledilebilir
dusuk,dusuk,5,5,kucuk,yuksek,iyi
dusuk,dusuk,5,5,orta,dusuk,kabuledilemez
dusuk,dusuk,5,5,orta,orta,iyi
dusuk,dusuk,5,5,orta,yuksek,cokiyi
dusuk,dusuk,5,5,buyuk,dusuk,kabuledilemez
dusuk,dusuk,5,5,buyuk,orta,iyi
dusuk,dusuk,5,5,buyuk,yuksek,cokiyi
